WK,Game Date,OPP,RESULT,ATT,YDS,AVG,LNG,TD,REC,YDS,AVG,LNG,TD,FUM,LOST,NAME,ID,YEAR,POSITION,TEAM,LOCATION
18,1/8/2023,Cardinals,W 38 - 13,10,45,4.5,19,0,3,34,11.3,21,1,,,Christian McCaffrey,Christian-McCaffrey,2022,RB,San Francisco 49ers,Home
17,1/1/2023,@Raiders,W 37 - 34,19,121,6.4,37,1,6,72,12,38,0,,,Christian McCaffrey,Christian-McCaffrey,2022,RB,San Francisco 49ers,Away
16,12/24/2022,Commanders,W 37 - 20,15,46,3.1,9,1,2,12,6,6,0,,,Christian McCaffrey,Christian-McCaffrey,2022,RB,San Francisco 49ers,Home
15,12/16/2022,@Seahawks,W 21 - 13,26,108,4.2,23,1,6,30,5,11,0,,,Christian McCaffrey,Christian-McCaffrey,2022,RB,San Francisco 49ers,Away
14,12/11/2022,Buccaneers,W 35 - 7,14,119,8.5,38,1,2,34,17,27,1,,,Christian McCaffrey,Christian-McCaffrey,2022,RB,San Francisco 49ers,Home
13,12/4/2022,Dolphins,W 33 - 17,17,66,3.9,30,0,8,80,10,33,1,,,Christian McCaffrey,Christian-McCaffrey,2022,RB,San Francisco 49ers,Home
12,11/27/2022,Saints,W 13 - 0,11,32,2.9,9,0,4,17,4.2,9,0,,,Christian McCaffrey,Christian-McCaffrey,2022,RB,San Francisco 49ers,Home
11,11/22/2022,@Cardinals,W 38 - 10,7,39,5.6,20,0,7,67,9.6,14,0,,,Christian McCaffrey,Christian-McCaffrey,2022,RB,San Francisco 49ers,Away
10,11/14/2022,Chargers,W 22 - 16,14,38,2.7,12,1,4,39,9.8,21,0,,,Christian McCaffrey,Christian-McCaffrey,2022,RB,San Francisco 49ers,Home
8,10/30/2022,@Rams,W 31 - 14,18,94,5.2,25,1,8,55,6.9,14,1,1,0,Christian McCaffrey,Christian-McCaffrey,2022,RB,San Francisco 49ers,Away
7,10/23/2022,Chiefs,L 23 - 44,8,38,4.8,12,0,2,24,12,13,0,,,Christian McCaffrey,Christian-McCaffrey,2022,RB,San Francisco 49ers,Home
6,10/16/2022,@Rams,L 10 - 24,13,69,5.3,17,0,7,89,12.7,49,0,,,Christian McCaffrey,Christian-McCaffrey,2022,RB,San Francisco 49ers,Away
5,10/9/2022,49ers,L 15 - 37,14,54,3.9,19,1,7,50,7.1,12,0,,,Christian McCaffrey,Christian-McCaffrey,2022,RB,San Francisco 49ers,Home
4,10/2/2022,Cardinals,L 16 - 26,8,27,3.4,10,0,9,81,9,34,1,,,Christian McCaffrey,Christian-McCaffrey,2022,RB,San Francisco 49ers,Home
3,9/25/2022,Saints,W 22 - 14,25,108,4.3,18,0,2,7,3.5,8,0,,,Christian McCaffrey,Christian-McCaffrey,2022,RB,San Francisco 49ers,Home
2,9/18/2022,@Giants,L 16 - 19,15,102,6.8,49,0,4,26,6.5,10,0,,,Christian McCaffrey,Christian-McCaffrey,2022,RB,San Francisco 49ers,Away
1,9/11/2022,Browns,L 24 - 26,10,33,3.3,9,1,4,24,6,21,0,0,0,Christian McCaffrey,Christian-McCaffrey,2022,RB,San Francisco 49ers,Home
18,1/8/2023,@Eagles,L 16 - 22,,,,,,,,,,,,,Saquon Barkley,Saquon-Barkley,2022,RB,New York Giants,Away
17,1/1/2023,Colts,W 38 - 10,12,58,4.8,19,0,2,-5,-2.5,0,0,,,Saquon Barkley,Saquon-Barkley,2022,RB,New York Giants,Home
16,12/24/2022,@Vikings,L 24 - 27,14,84,6,27,1,8,49,6.1,18,0,,,Saquon Barkley,Saquon-Barkley,2022,RB,New York Giants,Away
15,12/19/2022,@Commanders,W 20 - 12,18,87,4.8,15,1,5,33,6.6,9,0,,,Saquon Barkley,Saquon-Barkley,2022,RB,New York Giants,Away
14,12/11/2022,Eagles,L 22 - 48,9,28,3.1,9,0,2,20,10,16,0,,,Saquon Barkley,Saquon-Barkley,2022,RB,New York Giants,Home
13,12/4/2022,Commanders,T 20 - 20,18,63,3.5,21,1,5,18,3.6,7,0,,,Saquon Barkley,Saquon-Barkley,2022,RB,New York Giants,Home
12,11/24/2022,@Cowboys,L 20 - 28,11,39,3.6,10,1,4,13,3.2,5,0,,,Saquon Barkley,Saquon-Barkley,2022,RB,New York Giants,Away
11,11/20/2022,Lions,L 18 - 31,15,22,1.5,4,0,2,13,6.5,7,0,,,Saquon Barkley,Saquon-Barkley,2022,RB,New York Giants,Home
10,11/13/2022,Texans,W 24 - 16,35,152,4.3,27,1,1,8,8,8,0,,,Saquon Barkley,Saquon-Barkley,2022,RB,New York Giants,Home
8,10/30/2022,@Seahawks,L 13 - 27,20,53,2.6,15,1,3,9,3,12,0,,,Saquon Barkley,Saquon-Barkley,2022,RB,New York Giants,Away
7,10/23/2022,@Jaguars,W 23 - 17,24,110,4.6,20,0,4,25,6.2,9,0,,,Saquon Barkley,Saquon-Barkley,2022,RB,New York Giants,Away
6,10/16/2022,Ravens,W 24 - 20,22,83,3.8,8,1,3,12,4,5,0,,,Saquon Barkley,Saquon-Barkley,2022,RB,New York Giants,Home
5,10/9/2022,@Packers,W 27 - 22,13,70,5.4,40,1,3,36,12,41,0,,,Saquon Barkley,Saquon-Barkley,2022,RB,New York Giants,Away
4,10/2/2022,Bears,W 20 - 12,31,146,4.7,29,0,2,16,8,15,0,,,Saquon Barkley,Saquon-Barkley,2022,RB,New York Giants,Home
3,9/27/2022,Cowboys,L 16 - 23,14,81,5.8,36,1,4,45,11.2,21,0,,,Saquon Barkley,Saquon-Barkley,2022,RB,New York Giants,Home
2,9/18/2022,Panthers,W 19 - 16,21,72,3.4,16,0,3,16,5.3,9,0,,,Saquon Barkley,Saquon-Barkley,2022,RB,New York Giants,Home
1,9/11/2022,@Titans,W 21 - 20,18,164,9.1,68,1,6,30,5,7,0,1,0,Saquon Barkley,Saquon-Barkley,2022,RB,New York Giants,Away
18,1/8/2023,@Broncos,L 28 - 31,11,34,3.1,12,0,4,36,9,19,0,1,1,Austin Ekeler,Austin-Ekeler,2022,RB,Los Angeles Chargers,Away
17,1/1/2023,Rams,W 31 - 10,10,122,12.2,72,2,4,39,9.8,17,0,,,Austin Ekeler,Austin-Ekeler,2022,RB,Los Angeles Chargers,Home
16,12/27/2022,@Colts,W 20 - 3,18,67,3.7,16,2,4,12,3,4,0,,,Austin Ekeler,Austin-Ekeler,2022,RB,Los Angeles Chargers,Away
15,12/18/2022,Titans,W 17 - 14,12,58,4.8,12,1,2,12,6,7,0,,,Austin Ekeler,Austin-Ekeler,2022,RB,Los Angeles Chargers,Home
14,12/12/2022,Dolphins,W 23 - 17,15,45,3,12,1,8,59,7.4,21,0,,,Austin Ekeler,Austin-Ekeler,2022,RB,Los Angeles Chargers,Home
13,12/4/2022,@Raiders,L 20 - 27,10,35,3.5,8,0,5,67,13.4,18,0,1,1,Austin Ekeler,Austin-Ekeler,2022,RB,Los Angeles Chargers,Away
12,11/27/2022,@Cardinals,W 25 - 24,5,20,4,9,0,11,60,5.4,12,1,,,Austin Ekeler,Austin-Ekeler,2022,RB,Los Angeles Chargers,Away
11,11/21/2022,Chiefs,L 27 - 30,19,83,4.4,9,1,2,17,8.5,11,0,,,Austin Ekeler,Austin-Ekeler,2022,RB,Los Angeles Chargers,Home
10,11/14/2022,@49ers,L 16 - 22,6,24,4,12,0,7,39,5.6,14,0,,,Austin Ekeler,Austin-Ekeler,2022,RB,Los Angeles Chargers,Away
9,11/6/2022,@Falcons,W 20 - 17,14,47,3.4,9,1,7,24,3.4,13,1,1,1,Austin Ekeler,Austin-Ekeler,2022,RB,Los Angeles Chargers,Away
7,10/23/2022,Seahawks,L 23 - 37,9,31,3.4,13,1,12,96,8,23,1,1,0,Austin Ekeler,Austin-Ekeler,2022,RB,Los Angeles Chargers,Home
6,10/18/2022,Broncos,W 19 - 16,14,36,2.6,11,1,10,47,4.7,9,0,,,Austin Ekeler,Austin-Ekeler,2022,RB,Los Angeles Chargers,Home
5,10/9/2022,@Browns,W 30 - 28,16,173,10.8,71,1,4,26,6.5,12,1,,,Austin Ekeler,Austin-Ekeler,2022,RB,Los Angeles Chargers,Away
4,10/2/2022,@Texans,W 34 - 24,13,60,4.6,20,2,6,49,8.2,21,1,1,0,Austin Ekeler,Austin-Ekeler,2022,RB,Los Angeles Chargers,Away
3,9/25/2022,Jaguars,L 10 - 38,4,5,1.2,3,0,8,48,6,12,0,,,Austin Ekeler,Austin-Ekeler,2022,RB,Los Angeles Chargers,Home
2,9/16/2022,@Chiefs,L 24 - 27,14,39,2.8,8,0,9,55,6.1,21,0,,,Austin Ekeler,Austin-Ekeler,2022,RB,Los Angeles Chargers,Away
1,9/11/2022,Raiders,W 24 - 19,14,36,2.6,8,0,4,36,9,13,0,,,Austin Ekeler,Austin-Ekeler,2022,RB,Los Angeles Chargers,Home
18,1/8/2023,@Steelers,L 14 - 28,12,77,6.4,15,0,5,45,9,19,1,,,Nick Chubb,Nick-Chubb,2022,RB,Cleveland Browns,Away
17,1/1/2023,@Commanders,W 24 - 10,14,104,7.4,35,0,1,12,12,12,0,,,Nick Chubb,Nick-Chubb,2022,RB,Cleveland Browns,Away
16,12/24/2022,Saints,L 10 - 17,24,92,3.8,19,0,1,10,10,10,0,,,Nick Chubb,Nick-Chubb,2022,RB,Cleveland Browns,Home
15,12/17/2022,Ravens,W 13 - 3,21,99,4.7,18,0,0,0,,0,0,,,Nick Chubb,Nick-Chubb,2022,RB,Cleveland Browns,Home
14,12/11/2022,@Bengals,L 10 - 23,14,34,2.4,13,0,3,20,6.7,12,0,,,Nick Chubb,Nick-Chubb,2022,RB,Cleveland Browns,Away
13,12/4/2022,@Texans,W 27 - 14,17,80,4.7,21,0,0,0,,0,0,,,Nick Chubb,Nick-Chubb,2022,RB,Cleveland Browns,Away
12,11/27/2022,Buccaneers,W 23 - 17,26,116,4.5,28,1,1,16,16,16,0,,,Nick Chubb,Nick-Chubb,2022,RB,Cleveland Browns,Home
11,11/20/2022,@Bills,L 23 - 31,14,19,1.4,12,0,3,48,16,26,0,,,Nick Chubb,Nick-Chubb,2022,RB,Cleveland Browns,Away
10,11/13/2022,@Dolphins,L 17 - 39,11,63,5.7,33,1,3,18,6,9,0,1,1,Nick Chubb,Nick-Chubb,2022,RB,Cleveland Browns,Away
8,11/1/2022,Bengals,W 32 - 13,23,101,4.4,21,2,1,3,3,3,0,,,Nick Chubb,Nick-Chubb,2022,RB,Cleveland Browns,Home
7,10/23/2022,@Ravens,L 20 - 23,16,91,5.7,22,1,2,16,8,14,0,,,Nick Chubb,Nick-Chubb,2022,RB,Cleveland Browns,Away
6,10/16/2022,Patriots,L 15 - 38,12,56,4.7,18,0,1,14,14,14,0,,,Nick Chubb,Nick-Chubb,2022,RB,Cleveland Browns,Home
5,10/9/2022,Chargers,L 28 - 30,17,134,7.9,41,2,0,0,,0,0,,,Nick Chubb,Nick-Chubb,2022,RB,Cleveland Browns,Home
4,10/2/2022,@Falcons,L 20 - 23,19,118,6.2,28,1,2,9,4.5,9,0,,,Nick Chubb,Nick-Chubb,2022,RB,Cleveland Browns,Away
3,9/23/2022,Steelers,W 29 - 17,23,113,4.9,36,1,0,0,,0,0,,,Nick Chubb,Nick-Chubb,2022,RB,Cleveland Browns,Home
2,9/18/2022,Jets,L 30 - 31,17,87,5.1,22,3,3,26,8.7,15,0,,,Nick Chubb,Nick-Chubb,2022,RB,Cleveland Browns,Home
1,9/11/2022,@Panthers,W 26 - 24,22,141,6.4,25,0,1,2,2,2,0,,,Nick Chubb,Nick-Chubb,2022,RB,Cleveland Browns,Away
18,1/7/2023,Chiefs,L 13 - 31,17,45,2.6,12,0,2,5,2.5,4,0,,,Josh Jacobs,Josh-Jacobs,2022,RB,Las Vegas Raiders,Home
17,1/1/2023,49ers,L 34 - 37,17,69,4.1,9,1,4,26,6.5,14,0,,,Josh Jacobs,Josh-Jacobs,2022,RB,Las Vegas Raiders,Home
16,12/25/2022,@Steelers,L 10 - 13,15,44,2.9,11,0,1,6,6,6,0,,,Josh Jacobs,Josh-Jacobs,2022,RB,Las Vegas Raiders,Away
15,12/18/2022,Patriots,W 30 - 24,22,93,4.2,18,0,2,17,8.5,11,0,1,0,Josh Jacobs,Josh-Jacobs,2022,RB,Las Vegas Raiders,Home
14,12/9/2022,@Rams,L 16 - 17,27,99,3.7,15,1,2,15,7.5,8,0,,,Josh Jacobs,Josh-Jacobs,2022,RB,Las Vegas Raiders,Away
13,12/4/2022,Chargers,W 27 - 20,26,144,5.5,20,1,2,6,3,5,0,1,1,Josh Jacobs,Josh-Jacobs,2022,RB,Las Vegas Raiders,Home
12,11/27/2022,@Seahawks,W 40 - 34,33,229,6.9,86,2,6,74,12.3,28,0,,,Josh Jacobs,Josh-Jacobs,2022,RB,Las Vegas Raiders,Away
11,11/20/2022,@Broncos,W 22 - 16,24,109,4.5,15,0,3,51,17,43,0,,,Josh Jacobs,Josh-Jacobs,2022,RB,Las Vegas Raiders,Away
10,11/13/2022,Colts,L 20 - 25,21,78,3.7,22,1,6,28,4.7,9,0,,,Josh Jacobs,Josh-Jacobs,2022,RB,Las Vegas Raiders,Home
9,11/6/2022,@Jaguars,L 20 - 27,17,67,3.9,15,0,3,20,6.7,13,0,,,Josh Jacobs,Josh-Jacobs,2022,RB,Las Vegas Raiders,Away
8,10/30/2022,@Saints,L 0 - 24,10,43,4.3,16,0,2,11,5.5,11,0,,,Josh Jacobs,Josh-Jacobs,2022,RB,Las Vegas Raiders,Away
7,10/23/2022,Texans,W 38 - 20,20,143,7.2,15,3,3,12,4,5,0,,,Josh Jacobs,Josh-Jacobs,2022,RB,Las Vegas Raiders,Home
5,10/11/2022,@Chiefs,L 29 - 30,21,154,7.3,37,1,5,39,7.8,14,0,,,Josh Jacobs,Josh-Jacobs,2022,RB,Las Vegas Raiders,Away
4,10/2/2022,Broncos,W 32 - 23,28,144,5.1,43,2,5,31,6.2,12,0,,,Josh Jacobs,Josh-Jacobs,2022,RB,Las Vegas Raiders,Home
3,9/25/2022,@Titans,L 22 - 24,13,66,5.1,13,0,5,31,6.2,13,0,1,0,Josh Jacobs,Josh-Jacobs,2022,RB,Las Vegas Raiders,Away
2,9/18/2022,Cardinals,L 23 - 29,19,69,3.6,13,0,1,12,12,12,0,,,Josh Jacobs,Josh-Jacobs,2022,RB,Las Vegas Raiders,Home
1,9/11/2022,@Chargers,L 19 - 24,10,57,5.7,18,0,1,16,16,16,0,,,Josh Jacobs,Josh-Jacobs,2022,RB,Las Vegas Raiders,Away
18,1/8/2023,@Jaguars,L 16 - 20,30,109,3.6,14,0,1,19,19,19,0,,,Derrick Henry,Derrick-Henry,2022,RB,Tennessee Titans,Away
17,12/30/2022,Cowboys,L 13 - 27,,,,,,,,,,,,,Derrick Henry,Derrick-Henry,2022,RB,Tennessee Titans,Home
16,12/24/2022,Texans,L 14 - 19,23,126,5.5,48,1,2,0,0,5,0,1,1,Derrick Henry,Derrick-Henry,2022,RB,Tennessee Titans,Home
15,12/18/2022,@Chargers,L 14 - 17,21,104,5,13,1,4,59,14.8,37,0,1,0,Derrick Henry,Derrick-Henry,2022,RB,Tennessee Titans,Away
14,12/11/2022,Jaguars,L 22 - 36,17,121,7.1,50,1,3,34,11.3,16,0,2,2,Derrick Henry,Derrick-Henry,2022,RB,Tennessee Titans,Home
13,12/4/2022,@Eagles,L 10 - 35,11,30,2.7,6,0,2,8,4,6,0,,,Derrick Henry,Derrick-Henry,2022,RB,Tennessee Titans,Away
12,11/27/2022,Bengals,L 16 - 20,17,38,2.2,9,0,3,79,26.3,69,0,1,0,Derrick Henry,Derrick-Henry,2022,RB,Tennessee Titans,Home
11,11/18/2022,@Packers,W 27 - 17,28,87,3.1,9,1,2,45,22.5,42,0,,,Derrick Henry,Derrick-Henry,2022,RB,Tennessee Titans,Away
10,11/13/2022,Broncos,W 17 - 10,19,53,2.8,10,0,2,14,7,7,0,,,Derrick Henry,Derrick-Henry,2022,RB,Tennessee Titans,Home
9,11/7/2022,@Chiefs,L 17 - 20,17,115,6.8,56,2,,,,,,,,Derrick Henry,Derrick-Henry,2022,RB,Tennessee Titans,Away
8,10/30/2022,@Texans,W 17 - 10,32,219,6.8,41,2,1,9,9,9,0,,,Derrick Henry,Derrick-Henry,2022,RB,Tennessee Titans,Away
7,10/23/2022,Colts,W 19 - 10,30,128,4.3,23,0,3,10,3.3,9,0,,,Derrick Henry,Derrick-Henry,2022,RB,Tennessee Titans,Home
5,10/9/2022,@Commanders,W 21 - 17,28,102,3.6,15,2,2,30,15,24,0,,,Derrick Henry,Derrick-Henry,2022,RB,Tennessee Titans,Away
4,10/2/2022,@Colts,W 24 - 17,22,114,5.2,19,1,3,33,11,22,0,,,Derrick Henry,Derrick-Henry,2022,RB,Tennessee Titans,Away
3,9/25/2022,Raiders,W 24 - 22,20,85,4.2,24,1,5,58,11.6,23,0,,,Derrick Henry,Derrick-Henry,2022,RB,Tennessee Titans,Home
2,9/19/2022,@Bills,L 7 - 41,13,25,1.9,9,1,,,,,,,,Derrick Henry,Derrick-Henry,2022,RB,Tennessee Titans,Away
1,9/11/2022,Giants,L 20 - 21,21,82,3.9,18,0,0,0,,0,0,1,0,Derrick Henry,Derrick-Henry,2022,RB,Tennessee Titans,Home
18,1/8/2023,@Commanders,L 6 - 26,7,19,2.7,5,0,0,0,,0,0,,,Tony Pollard,Tony-Pollard,2022,RB,Dallas Cowboys,Away
17,12/30/2022,@Titans,W 27 - 13,,,,,,,,,,,,,Tony Pollard,Tony-Pollard,2022,RB,Dallas Cowboys,Away
16,12/24/2022,Eagles,W 40 - 34,9,19,2.1,8,0,6,61,10.2,13,0,,,Tony Pollard,Tony-Pollard,2022,RB,Dallas Cowboys,Home
15,12/18/2022,@Jaguars,L 34 - 40,19,75,4,21,0,4,31,7.8,11,0,,,Tony Pollard,Tony-Pollard,2022,RB,Dallas Cowboys,Away
14,12/11/2022,Texans,W 27 - 23,10,42,4.2,18,1,4,20,5,10,1,,,Tony Pollard,Tony-Pollard,2022,RB,Dallas Cowboys,Home
13,12/5/2022,Colts,W 54 - 19,12,91,7.6,30,2,2,15,7.5,10,0,,,Tony Pollard,Tony-Pollard,2022,RB,Dallas Cowboys,Home
12,11/24/2022,Giants,W 28 - 20,18,60,3.3,13,0,2,1,0.5,2,0,,,Tony Pollard,Tony-Pollard,2022,RB,Dallas Cowboys,Home
11,11/20/2022,@Vikings,W 40 - 3,15,80,5.3,20,0,6,109,18.2,68,2,,,Tony Pollard,Tony-Pollard,2022,RB,Dallas Cowboys,Away
10,11/13/2022,@Packers,L 28 - 31,22,115,5.2,14,1,3,13,4.3,9,0,,,Tony Pollard,Tony-Pollard,2022,RB,Dallas Cowboys,Away
8,10/30/2022,Bears,W 49 - 29,14,131,9.4,54,3,1,16,16,16,0,,,Tony Pollard,Tony-Pollard,2022,RB,Dallas Cowboys,Home
7,10/23/2022,Lions,W 24 - 6,12,83,6.9,28,0,2,26,13,19,0,,,Tony Pollard,Tony-Pollard,2022,RB,Dallas Cowboys,Home
6,10/17/2022,@Eagles,L 17 - 26,11,44,4,15,0,2,8,4,8,0,,,Tony Pollard,Tony-Pollard,2022,RB,Dallas Cowboys,Away
5,10/9/2022,@Rams,W 22 - 10,8,86,10.8,57,1,,,,,,,,Tony Pollard,Tony-Pollard,2022,RB,Dallas Cowboys,Away
4,10/2/2022,Commanders,W 25 - 10,8,6,0.8,9,0,1,2,2,2,0,,,Tony Pollard,Tony-Pollard,2022,RB,Dallas Cowboys,Home
3,9/27/2022,@Giants,W 23 - 16,13,105,8.1,46,0,0,0,,0,0,,,Tony Pollard,Tony-Pollard,2022,RB,Dallas Cowboys,Away
2,9/18/2022,Bengals,W 20 - 17,9,43,4.8,17,1,4,55,13.8,46,0,,,Tony Pollard,Tony-Pollard,2022,RB,Dallas Cowboys,Home
1,9/12/2022,Buccaneers,L 3 - 19,6,8,1.3,9,0,2,14,7,10,0,,,Tony Pollard,Tony-Pollard,2022,RB,Dallas Cowboys,Home
18,1/8/2023,@Bears,W 29 - 13,11,37,3.4,15,0,1,0,0,0,0,1,1,Dalvin Cook,Dalvin-Cook,2022,RB,New York Jets,Away
17,1/1/2023,@Packers,L 17 - 41,9,27,3,9,0,2,17,8.5,16,0,0,0,Dalvin Cook,Dalvin-Cook,2022,RB,New York Jets,Away
16,12/24/2022,Giants,W 27 - 24,14,64,4.6,18,0,3,13,4.3,6,0,,,Dalvin Cook,Dalvin-Cook,2022,RB,New York Jets,Home
15,12/17/2022,Colts,W 39 - 36,17,95,5.6,40,0,4,95,23.8,64,1,1,1,Dalvin Cook,Dalvin-Cook,2022,RB,New York Jets,Home
14,12/11/2022,@Lions,L 23 - 34,15,23,1.5,5,1,1,13,13,13,0,1,1,Dalvin Cook,Dalvin-Cook,2022,RB,New York Jets,Away
13,12/4/2022,Jets,W 27 - 22,20,86,4.3,21,1,2,-3,-1.5,0,0,,,Dalvin Cook,Dalvin-Cook,2022,RB,New York Jets,Home
12,11/25/2022,Patriots,W 33 - 26,22,42,1.9,6,0,4,14,3.5,8,0,,,Dalvin Cook,Dalvin-Cook,2022,RB,New York Jets,Home
11,11/20/2022,Cowboys,L 3 - 40,11,72,6.6,17,0,0,0,,0,0,,,Dalvin Cook,Dalvin-Cook,2022,RB,New York Jets,Home
10,11/13/2022,@Bills,W 33 - 30,14,119,8.5,81,1,3,27,9,15,0,0,0,Dalvin Cook,Dalvin-Cook,2022,RB,New York Jets,Away
9,11/6/2022,@Commanders,W 20 - 17,17,47,2.8,9,0,2,9,4.5,12,1,,,Dalvin Cook,Dalvin-Cook,2022,RB,New York Jets,Away
8,10/30/2022,Cardinals,W 34 - 26,20,111,5.6,30,1,5,30,6,11,0,,,Dalvin Cook,Dalvin-Cook,2022,RB,New York Jets,Home
6,10/16/2022,@Dolphins,W 24 - 16,13,77,5.9,53,1,1,6,6,6,0,,,Dalvin Cook,Dalvin-Cook,2022,RB,New York Jets,Away
5,10/9/2022,Bears,W 29 - 22,18,94,5.2,15,2,2,27,13.5,23,0,,,Dalvin Cook,Dalvin-Cook,2022,RB,New York Jets,Home
4,10/2/2022,@Saints,W 28 - 25,20,76,3.8,14,0,2,10,5,9,0,,,Dalvin Cook,Dalvin-Cook,2022,RB,New York Jets,Away
3,9/25/2022,Lions,W 28 - 24,17,96,5.6,13,1,,,,,,1,1,Dalvin Cook,Dalvin-Cook,2022,RB,New York Jets,Home
2,9/20/2022,@Eagles,L 7 - 24,6,17,2.8,6,0,4,19,4.8,14,0,,,Dalvin Cook,Dalvin-Cook,2022,RB,New York Jets,Away
1,9/11/2022,Packers,W 23 - 7,20,90,4.5,16,0,3,18,6,10,0,,,Dalvin Cook,Dalvin-Cook,2022,RB,New York Jets,Home
18,1/9/2023,Lions,L 16 - 20,12,48,4,17,0,3,20,6.7,8,0,1,1,Aaron Jones,Aaron-Jones,2022,RB,Green Bay Packers,Home
17,1/1/2023,Vikings,W 41 - 17,14,111,7.9,31,0,2,2,1,1,0,,,Aaron Jones,Aaron-Jones,2022,RB,Green Bay Packers,Home
16,12/25/2022,@Dolphins,W 26 - 20,6,25,4.2,18,0,2,9,4.5,7,0,,,Aaron Jones,Aaron-Jones,2022,RB,Green Bay Packers,Away
15,12/20/2022,Rams,W 24 - 12,17,90,5.3,14,0,4,36,9,25,1,1,1,Aaron Jones,Aaron-Jones,2022,RB,Green Bay Packers,Home
13,12/4/2022,@Bears,W 28 - 19,9,26,2.9,11,0,5,24,4.8,9,0,,,Aaron Jones,Aaron-Jones,2022,RB,Green Bay Packers,Away
12,11/28/2022,@Eagles,L 33 - 40,12,43,3.6,10,0,3,56,18.7,30,1,,,Aaron Jones,Aaron-Jones,2022,RB,Green Bay Packers,Away
11,11/18/2022,Titans,L 17 - 27,12,40,3.3,14,0,6,20,3.3,11,0,1,0,Aaron Jones,Aaron-Jones,2022,RB,Green Bay Packers,Home
10,11/13/2022,Cowboys,W 31 - 28,24,138,5.8,30,1,2,18,9,11,0,1,0,Aaron Jones,Aaron-Jones,2022,RB,Green Bay Packers,Home
9,11/6/2022,@Lions,L 9 - 15,9,25,2.8,9,0,2,20,10,15,0,,,Aaron Jones,Aaron-Jones,2022,RB,Green Bay Packers,Away
8,10/31/2022,@Bills,L 17 - 27,20,143,7.2,32,0,4,14,3.5,7,0,,,Aaron Jones,Aaron-Jones,2022,RB,Green Bay Packers,Away
7,10/23/2022,@Commanders,L 21 - 23,8,23,2.9,8,0,9,53,5.9,21,2,,,Aaron Jones,Aaron-Jones,2022,RB,Green Bay Packers,Away
6,10/16/2022,Jets,L 10 - 27,9,19,2.1,7,0,3,25,8.3,14,0,0,0,Aaron Jones,Aaron-Jones,2022,RB,Green Bay Packers,Home
5,10/9/2022,Giants,L 22 - 27,13,63,4.8,11,0,2,17,8.5,9,0,,,Aaron Jones,Aaron-Jones,2022,RB,Green Bay Packers,Home
4,10/2/2022,Patriots,W 27 - 24,16,110,6.9,20,0,3,5,1.7,4,0,,,Aaron Jones,Aaron-Jones,2022,RB,Green Bay Packers,Home
3,9/25/2022,@Buccaneers,W 14 - 12,12,36,3,10,0,3,11,3.7,8,0,1,1,Aaron Jones,Aaron-Jones,2022,RB,Green Bay Packers,Away
2,9/19/2022,Bears,W 27 - 10,15,132,8.8,36,1,3,38,12.7,15,1,,,Aaron Jones,Aaron-Jones,2022,RB,Green Bay Packers,Home
1,9/11/2022,@Vikings,L 7 - 23,5,49,9.8,29,0,3,27,9,22,0,,,Aaron Jones,Aaron-Jones,2022,RB,Green Bay Packers,Away
18,1/9/2023,@Packers,W 20 - 16,16,72,4.5,13,2,,,,,,,,Jamaal Williams,Jamaal-Williams,2022,RB,New Orleans Saints,Away
17,1/1/2023,Bears,W 41 - 10,22,144,6.6,58,1,1,13,13,13,0,,,Jamaal Williams,Jamaal-Williams,2022,RB,New Orleans Saints,Home
16,12/24/2022,@Panthers,L 23 - 37,7,11,1.6,4,0,2,3,1.5,3,0,,,Jamaal Williams,Jamaal-Williams,2022,RB,New Orleans Saints,Away
15,12/18/2022,@Jets,W 20 - 17,13,33,2.5,10,0,,,,,,,,Jamaal Williams,Jamaal-Williams,2022,RB,New Orleans Saints,Away
14,12/11/2022,Vikings,W 34 - 23,16,37,2.3,8,0,0,0,,0,0,,,Jamaal Williams,Jamaal-Williams,2022,RB,New Orleans Saints,Home
13,12/4/2022,Jaguars,W 40 - 14,11,35,3.2,12,1,,,,,,,,Jamaal Williams,Jamaal-Williams,2022,RB,New Orleans Saints,Home
12,11/24/2022,Bills,L 25 - 28,18,66,3.7,27,1,,,,,,1,1,Jamaal Williams,Jamaal-Williams,2022,RB,New Orleans Saints,Home
11,11/20/2022,@Giants,W 31 - 18,17,64,3.8,15,3,,,,,,,,Jamaal Williams,Jamaal-Williams,2022,RB,New Orleans Saints,Away
10,11/13/2022,@Bears,W 31 - 30,16,59,3.7,13,1,,,,,,,,Jamaal Williams,Jamaal-Williams,2022,RB,New Orleans Saints,Away
9,11/6/2022,Packers,W 15 - 9,24,81,3.4,14,0,,,,,,,,Jamaal Williams,Jamaal-Williams,2022,RB,New Orleans Saints,Home
8,10/30/2022,Dolphins,L 27 - 31,10,53,5.3,15,2,3,23,7.7,10,0,,,Jamaal Williams,Jamaal-Williams,2022,RB,New Orleans Saints,Home
7,10/23/2022,@Cowboys,L 6 - 24,15,79,5.3,20,0,1,4,4,4,0,2,1,Jamaal Williams,Jamaal-Williams,2022,RB,New Orleans Saints,Away
5,10/9/2022,@Patriots,L 0 - 29,15,56,3.7,13,0,,,,,,,,Jamaal Williams,Jamaal-Williams,2022,RB,New Orleans Saints,Away
4,10/2/2022,Seahawks,L 45 - 48,19,108,5.7,51,2,1,1,1,1,0,,,Jamaal Williams,Jamaal-Williams,2022,RB,New Orleans Saints,Home
3,9/25/2022,@Vikings,L 24 - 28,20,87,4.4,15,2,2,20,10,17,0,,,Jamaal Williams,Jamaal-Williams,2022,RB,New Orleans Saints,Away
2,9/18/2022,Commanders,W 36 - 27,12,53,4.4,12,0,1,7,7,7,0,,,Jamaal Williams,Jamaal-Williams,2022,RB,New Orleans Saints,Home
1,9/11/2022,Eagles,L 35 - 38,11,28,2.6,7,2,1,2,2,2,0,,,Jamaal Williams,Jamaal-Williams,2022,RB,New Orleans Saints,Home
18,1/8/2023,@Bills,L 23 - 35,6,54,9,18,0,5,28,5.6,8,0,1,0,Rhamondre Stevenson,Rhamondre-Stevenson,2022,RB,New England Patriots,Away
17,1/1/2023,Dolphins,W 23 - 21,8,42,5.2,18,0,2,9,4.5,5,0,,,Rhamondre Stevenson,Rhamondre-Stevenson,2022,RB,New England Patriots,Home
16,12/24/2022,Bengals,L 18 - 22,13,30,2.3,7,0,2,3,1.5,4,0,2,1,Rhamondre Stevenson,Rhamondre-Stevenson,2022,RB,New England Patriots,Home
15,12/18/2022,@Raiders,L 24 - 30,19,172,9,34,1,2,-4,-2,1,0,,,Rhamondre Stevenson,Rhamondre-Stevenson,2022,RB,New England Patriots,Away
14,12/13/2022,@Cardinals,W 27 - 13,3,8,2.7,4,0,2,2,1,4,0,,,Rhamondre Stevenson,Rhamondre-Stevenson,2022,RB,New England Patriots,Away
13,12/2/2022,Bills,L 10 - 24,10,54,5.4,16,0,6,24,4,8,0,1,0,Rhamondre Stevenson,Rhamondre-Stevenson,2022,RB,New England Patriots,Home
12,11/25/2022,@Vikings,L 26 - 33,7,36,5.1,14,0,9,76,8.4,40,0,,,Rhamondre Stevenson,Rhamondre-Stevenson,2022,RB,New England Patriots,Away
11,11/20/2022,Jets,W 10 - 3,15,26,1.7,5,0,6,56,9.3,18,0,,,Rhamondre Stevenson,Rhamondre-Stevenson,2022,RB,New England Patriots,Home
9,11/6/2022,Colts,W 26 - 3,15,60,4,16,0,3,10,3.3,5,1,,,Rhamondre Stevenson,Rhamondre-Stevenson,2022,RB,New England Patriots,Home
8,10/30/2022,@Jets,W 22 - 17,16,71,4.4,35,0,7,72,10.3,22,0,,,Rhamondre Stevenson,Rhamondre-Stevenson,2022,RB,New England Patriots,Away
7,10/25/2022,Bears,L 14 - 33,11,39,3.6,7,1,8,59,7.4,20,0,,,Rhamondre Stevenson,Rhamondre-Stevenson,2022,RB,New England Patriots,Home
6,10/16/2022,@Browns,W 38 - 15,19,76,4,31,2,4,15,3.8,7,0,,,Rhamondre Stevenson,Rhamondre-Stevenson,2022,RB,New England Patriots,Away
5,10/9/2022,Lions,W 29 - 0,25,161,6.4,49,0,2,14,7,15,0,0,0,Rhamondre Stevenson,Rhamondre-Stevenson,2022,RB,New England Patriots,Home
4,10/2/2022,@Packers,L 24 - 27,14,66,4.7,17,0,4,23,5.8,8,0,,,Rhamondre Stevenson,Rhamondre-Stevenson,2022,RB,New England Patriots,Away
3,9/25/2022,Ravens,L 26 - 37,12,73,6.1,18,1,4,28,7,11,0,,,Rhamondre Stevenson,Rhamondre-Stevenson,2022,RB,New England Patriots,Home
2,9/18/2022,@Steelers,W 17 - 14,9,47,5.2,8,0,1,4,4,4,0,,,Rhamondre Stevenson,Rhamondre-Stevenson,2022,RB,New England Patriots,Away
1,9/11/2022,@Dolphins,L 7 - 20,8,25,3.1,12,0,2,2,1,5,0,,,Rhamondre Stevenson,Rhamondre-Stevenson,2022,RB,New England Patriots,Away
18,1/8/2023,Ravens,W 27 - 16,11,27,2.4,8,1,5,41,8.2,33,0,,,Joe Mixon,Joe-Mixon,2022,RB,Cincinnati Bengals,Home
16,12/24/2022,@Patriots,W 22 - 18,16,65,4.1,19,0,7,43,6.1,17,0,,,Joe Mixon,Joe-Mixon,2022,RB,Cincinnati Bengals,Away
15,12/18/2022,@Buccaneers,W 34 - 23,11,21,1.9,5,0,5,33,6.6,11,0,,,Joe Mixon,Joe-Mixon,2022,RB,Cincinnati Bengals,Away
14,12/11/2022,Browns,W 23 - 10,14,96,6.9,40,0,2,10,5,6,0,,,Joe Mixon,Joe-Mixon,2022,RB,Cincinnati Bengals,Home
13,12/4/2022,Chiefs,W 27 - 24,,,,,,,,,,,,,Joe Mixon,Joe-Mixon,2022,RB,Cincinnati Bengals,Home
12,11/27/2022,@Titans,W 20 - 16,,,,,,,,,,,,,Joe Mixon,Joe-Mixon,2022,RB,Cincinnati Bengals,Away
11,11/20/2022,@Steelers,W 37 - 30,7,20,2.9,7,0,3,42,14,24,0,,,Joe Mixon,Joe-Mixon,2022,RB,Cincinnati Bengals,Away
9,11/6/2022,Panthers,W 42 - 21,22,153,7,29,4,4,58,14.5,35,1,,,Joe Mixon,Joe-Mixon,2022,RB,Cincinnati Bengals,Home
8,11/1/2022,@Browns,L 13 - 32,8,27,3.4,6,0,7,32,4.6,14,0,,,Joe Mixon,Joe-Mixon,2022,RB,Cincinnati Bengals,Away
7,10/23/2022,Falcons,W 35 - 17,17,58,3.4,11,1,3,33,11,22,0,,,Joe Mixon,Joe-Mixon,2022,RB,Cincinnati Bengals,Home
6,10/16/2022,@Saints,W 30 - 26,8,45,5.6,10,0,4,23,5.8,9,1,,,Joe Mixon,Joe-Mixon,2022,RB,Cincinnati Bengals,Away
5,10/10/2022,@Ravens,L 17 - 19,14,78,5.6,12,0,3,10,3.3,6,0,,,Joe Mixon,Joe-Mixon,2022,RB,Cincinnati Bengals,Away
4,9/30/2022,Dolphins,W 27 - 15,24,61,2.5,7,1,4,13,3.2,9,0,,,Joe Mixon,Joe-Mixon,2022,RB,Cincinnati Bengals,Home
3,9/25/2022,@Jets,W 27 - 12,12,24,2,9,0,3,14,4.7,7,0,,,Joe Mixon,Joe-Mixon,2022,RB,Cincinnati Bengals,Away
2,9/18/2022,@Cowboys,L 17 - 20,19,57,3,10,0,3,26,8.7,12,0,0,0,Joe Mixon,Joe-Mixon,2022,RB,Cincinnati Bengals,Away
1,9/11/2022,Steelers,L 20 - 23,27,82,3,31,0,7,63,9,18,0,,,Joe Mixon,Joe-Mixon,2022,RB,Cincinnati Bengals,Home
18,1/8/2023,Giants,W 22 - 16,11,33,3,6,0,0,0,,0,0,,,Miles Sanders,Miles-Sanders,2022,RB,Carolina Panthers,Home
17,1/1/2023,Saints,L 10 - 20,12,61,5.1,14,0,,,,,,,,Miles Sanders,Miles-Sanders,2022,RB,Carolina Panthers,Home
16,12/24/2022,@Cowboys,L 34 - 40,21,65,3.1,13,0,1,6,6,6,0,1,1,Miles Sanders,Miles-Sanders,2022,RB,Carolina Panthers,Away
15,12/18/2022,@Bears,W 25 - 20,11,42,3.8,18,0,1,-13,-13,-13,0,1,1,Miles Sanders,Miles-Sanders,2022,RB,Carolina Panthers,Away
14,12/11/2022,@Giants,W 48 - 22,17,144,8.5,40,2,1,11,11,11,0,,,Miles Sanders,Miles-Sanders,2022,RB,Carolina Panthers,Away
13,12/4/2022,Titans,W 35 - 10,10,24,2.4,5,1,2,14,7,8,0,,,Miles Sanders,Miles-Sanders,2022,RB,Carolina Panthers,Home
12,11/28/2022,Packers,W 40 - 33,21,143,6.8,28,2,3,17,5.7,7,0,0,0,Miles Sanders,Miles-Sanders,2022,RB,Carolina Panthers,Home
11,11/20/2022,@Colts,W 17 - 16,13,47,3.6,10,0,1,1,1,1,0,,,Miles Sanders,Miles-Sanders,2022,RB,Carolina Panthers,Away
10,11/15/2022,Commanders,L 21 - 32,12,54,4.5,8,0,0,0,,0,0,,,Miles Sanders,Miles-Sanders,2022,RB,Carolina Panthers,Home
9,11/4/2022,@Texans,W 29 - 17,17,93,5.5,25,1,,,,,,,,Miles Sanders,Miles-Sanders,2022,RB,Carolina Panthers,Away
8,10/30/2022,Steelers,W 35 - 13,9,78,8.7,21,1,,,,,,,,Miles Sanders,Miles-Sanders,2022,RB,Carolina Panthers,Home
6,10/17/2022,Cowboys,W 26 - 17,18,71,3.9,13,1,1,1,1,1,0,,,Miles Sanders,Miles-Sanders,2022,RB,Carolina Panthers,Home
5,10/9/2022,@Cardinals,W 20 - 17,15,58,3.9,12,0,2,6,3,8,0,,,Miles Sanders,Miles-Sanders,2022,RB,Carolina Panthers,Away
4,10/2/2022,Jaguars,W 29 - 21,27,134,5,35,2,2,22,11,16,0,0,0,Miles Sanders,Miles-Sanders,2022,RB,Carolina Panthers,Home
3,9/25/2022,@Commanders,W 24 - 8,15,46,3.1,13,0,1,-2,-2,-2,0,,,Miles Sanders,Miles-Sanders,2022,RB,Carolina Panthers,Away
2,9/20/2022,Vikings,W 24 - 7,17,80,4.7,12,0,3,6,2,6,0,0,0,Miles Sanders,Miles-Sanders,2022,RB,Carolina Panthers,Home
1,9/11/2022,@Lions,W 38 - 35,13,96,7.4,24,1,2,9,4.5,11,0,,,Miles Sanders,Miles-Sanders,2022,RB,Carolina Panthers,Away
18,1/8/2023,Titans,W 20 - 16,7,17,2.4,7,0,2,17,8.5,9,0,,,Travis Etienne,Travis-Etienne,2022,RB,Jacksonville Jaguars,Home
17,1/1/2023,@Texans,W 31 - 3,9,108,12,62,1,3,32,10.7,30,0,0,0,Travis Etienne,Travis-Etienne,2022,RB,Jacksonville Jaguars,Away
16,12/23/2022,@Jets,W 19 - 3,22,83,3.8,19,0,3,29,9.7,22,0,,,Travis Etienne,Travis-Etienne,2022,RB,Jacksonville Jaguars,Away
15,12/18/2022,Cowboys,W 40 - 34,19,103,5.4,16,0,2,24,12,13,0,1,1,Travis Etienne,Travis-Etienne,2022,RB,Jacksonville Jaguars,Home
14,12/11/2022,@Titans,W 36 - 22,17,32,1.9,7,0,,,,,,,,Travis Etienne,Travis-Etienne,2022,RB,Jacksonville Jaguars,Away
13,12/4/2022,@Lions,L 14 - 40,13,54,4.2,13,0,3,12,4,13,0,1,1,Travis Etienne,Travis-Etienne,2022,RB,Jacksonville Jaguars,Away
12,11/27/2022,Ravens,W 28 - 27,2,3,1.5,3,0,,,,,,,,Travis Etienne,Travis-Etienne,2022,RB,Jacksonville Jaguars,Home
10,11/13/2022,@Chiefs,L 17 - 27,11,45,4.1,10,0,3,28,9.3,24,0,,,Travis Etienne,Travis-Etienne,2022,RB,Jacksonville Jaguars,Away
9,11/6/2022,Raiders,W 27 - 20,28,109,3.9,18,2,2,17,8.5,9,0,,,Travis Etienne,Travis-Etienne,2022,RB,Jacksonville Jaguars,Home
8,10/30/2022,Broncos,L 17 - 21,24,156,6.5,49,1,3,6,2,6,0,,,Travis Etienne,Travis-Etienne,2022,RB,Jacksonville Jaguars,Home
7,10/23/2022,Giants,L 17 - 23,14,114,8.1,49,1,1,5,5,5,0,1,1,Travis Etienne,Travis-Etienne,2022,RB,Jacksonville Jaguars,Home
6,10/16/2022,@Colts,L 27 - 34,10,86,8.6,48,0,2,22,11,22,0,1,0,Travis Etienne,Travis-Etienne,2022,RB,Jacksonville Jaguars,Away
5,10/9/2022,Texans,L 6 - 13,10,71,7.1,30,0,3,43,14.3,20,0,,,Travis Etienne,Travis-Etienne,2022,RB,Jacksonville Jaguars,Home
4,10/2/2022,@Eagles,L 21 - 29,8,32,4,11,0,0,0,,0,0,,,Travis Etienne,Travis-Etienne,2022,RB,Jacksonville Jaguars,Away
3,9/25/2022,@Chargers,W 38 - 10,13,45,3.5,9,0,3,30,10,16,0,,,Travis Etienne,Travis-Etienne,2022,RB,Jacksonville Jaguars,Away
2,9/18/2022,Colts,W 24 - 0,9,20,2.2,6,0,3,33,11,14,0,,,Travis Etienne,Travis-Etienne,2022,RB,Jacksonville Jaguars,Home
1,9/11/2022,@Commanders,L 22 - 28,4,47,11.8,27,0,2,18,9,23,0,1,0,Travis Etienne,Travis-Etienne,2022,RB,Jacksonville Jaguars,Away
18,1/8/2023,Browns,W 28 - 14,23,80,3.5,11,1,1,10,10,10,0,1,1,Najee Harris,Najee-Harris-x2665,2022,RB,Pittsburgh Steelers,Home
17,1/2/2023,@Ravens,W 16 - 13,22,111,5,15,0,2,12,6,10,1,,,Najee Harris,Najee-Harris-x2665,2022,RB,Pittsburgh Steelers,Away
16,12/25/2022,Raiders,W 13 - 10,16,53,3.3,14,0,6,42,7,19,0,,,Najee Harris,Najee-Harris-x2665,2022,RB,Pittsburgh Steelers,Home
15,12/18/2022,@Panthers,W 24 - 16,24,86,3.6,10,1,,,,,,,,Najee Harris,Najee-Harris-x2665,2022,RB,Pittsburgh Steelers,Away
14,12/11/2022,Ravens,L 14 - 16,12,33,2.8,8,1,2,17,8.5,10,0,,,Najee Harris,Najee-Harris-x2665,2022,RB,Pittsburgh Steelers,Home
13,12/4/2022,@Falcons,W 19 - 16,17,86,5.1,14,0,1,6,6,6,0,,,Najee Harris,Najee-Harris-x2665,2022,RB,Pittsburgh Steelers,Away
12,11/29/2022,@Colts,W 24 - 17,10,35,3.5,8,1,1,4,4,4,0,,,Najee Harris,Najee-Harris-x2665,2022,RB,Pittsburgh Steelers,Away
11,11/20/2022,Bengals,L 30 - 37,20,90,4.5,19,2,4,26,6.5,12,0,,,Najee Harris,Najee-Harris-x2665,2022,RB,Pittsburgh Steelers,Home
10,11/13/2022,Saints,W 20 - 10,20,99,5,36,0,0,0,,0,0,1,0,Najee Harris,Najee-Harris-x2665,2022,RB,Pittsburgh Steelers,Home
8,10/30/2022,@Eagles,L 13 - 35,8,32,4,18,0,6,26,4.3,9,0,,,Najee Harris,Najee-Harris-x2665,2022,RB,Pittsburgh Steelers,Away
7,10/24/2022,@Dolphins,L 10 - 16,17,65,3.8,16,0,3,15,5,12,0,,,Najee Harris,Najee-Harris-x2665,2022,RB,Pittsburgh Steelers,Away
6,10/16/2022,Buccaneers,W 20 - 18,14,42,3,14,0,2,7,3.5,6,1,,,Najee Harris,Najee-Harris-x2665,2022,RB,Pittsburgh Steelers,Home
5,10/9/2022,@Bills,L 3 - 38,11,20,1.8,6,0,3,16,5.3,9,0,,,Najee Harris,Najee-Harris-x2665,2022,RB,Pittsburgh Steelers,Away
4,10/2/2022,Jets,L 20 - 24,18,74,4.1,16,0,,,,,,,,Najee Harris,Najee-Harris-x2665,2022,RB,Pittsburgh Steelers,Home
3,9/23/2022,@Browns,L 17 - 29,15,56,3.7,10,1,3,5,1.7,9,0,1,1,Najee Harris,Najee-Harris-x2665,2022,RB,Pittsburgh Steelers,Away
2,9/18/2022,Patriots,L 14 - 17,15,49,3.3,8,0,5,40,8,14,0,,,Najee Harris,Najee-Harris-x2665,2022,RB,Pittsburgh Steelers,Home
1,9/11/2022,@Bengals,W 23 - 20,10,23,2.3,11,0,2,3,1.5,2,1,,,Najee Harris,Najee-Harris-x2665,2022,RB,Pittsburgh Steelers,Away
18,1/8/2023,Rams,W 19 - 16,29,114,3.9,20,0,1,10,10,10,0,,,Kenneth Walker III,Kenneth-Walker-iii,2022,RB,Seattle Seahawks,Home
17,1/1/2023,Jets,W 23 - 6,23,133,5.8,60,0,1,9,9,9,0,,,Kenneth Walker III,Kenneth-Walker-iii,2022,RB,Seattle Seahawks,Home
16,12/24/2022,@Chiefs,L 10 - 24,26,107,4.1,20,0,2,-2,-1,0,0,,,Kenneth Walker III,Kenneth-Walker-iii,2022,RB,Seattle Seahawks,Away
15,12/16/2022,49ers,L 13 - 21,12,47,3.9,15,0,4,32,8,33,0,,,Kenneth Walker III,Kenneth-Walker-iii,2022,RB,Seattle Seahawks,Home
14,12/11/2022,Panthers,L 24 - 30,,,,,,,,,,,,,Kenneth Walker III,Kenneth-Walker-iii,2022,RB,Seattle Seahawks,Home
13,12/4/2022,@Rams,W 27 - 23,3,36,12,30,0,0,0,,0,0,,,Kenneth Walker III,Kenneth-Walker-iii,2022,RB,Seattle Seahawks,Away
12,11/27/2022,Raiders,L 34 - 40,14,26,1.9,14,2,1,13,13,13,0,,,Kenneth Walker III,Kenneth-Walker-iii,2022,RB,Seattle Seahawks,Home
10,11/13/2022,@Buccaneers,L 16 - 21,10,17,1.7,5,0,6,55,9.2,23,0,,,Kenneth Walker III,Kenneth-Walker-iii,2022,RB,Seattle Seahawks,Away
9,11/6/2022,@Cardinals,W 31 - 21,26,109,4.2,15,2,3,20,6.7,13,0,,,Kenneth Walker III,Kenneth-Walker-iii,2022,RB,Seattle Seahawks,Away
8,10/30/2022,Giants,W 27 - 13,18,51,2.8,16,1,1,1,1,1,0,,,Kenneth Walker III,Kenneth-Walker-iii,2022,RB,Seattle Seahawks,Home
7,10/23/2022,@Chargers,W 37 - 23,23,167,7.3,74,2,,,,,,,,Kenneth Walker III,Kenneth-Walker-iii,2022,RB,Seattle Seahawks,Away
6,10/16/2022,Cardinals,W 19 - 9,21,97,4.6,34,1,2,13,6.5,7,0,,,Kenneth Walker III,Kenneth-Walker-iii,2022,RB,Seattle Seahawks,Home
5,10/9/2022,@Saints,L 32 - 39,8,88,11,69,1,,,,,,,,Kenneth Walker III,Kenneth-Walker-iii,2022,RB,Seattle Seahawks,Away
4,10/2/2022,@Lions,W 48 - 45,8,29,3.6,13,0,1,-5,-5,-5,0,,,Kenneth Walker III,Kenneth-Walker-iii,2022,RB,Seattle Seahawks,Away
3,9/25/2022,Falcons,L 23 - 27,3,19,6.3,21,0,3,14,4.7,6,0,,,Kenneth Walker III,Kenneth-Walker-iii,2022,RB,Seattle Seahawks,Home
2,9/18/2022,@49ers,L 7 - 27,4,10,2.5,8,0,2,5,2.5,3,0,,,Kenneth Walker III,Kenneth-Walker-iii,2022,RB,Seattle Seahawks,Away
1,9/13/2022,Broncos,W 17 - 16,,,,,,,,,,,,,Kenneth Walker III,Kenneth-Walker-iii,2022,RB,Seattle Seahawks,Home
18,1/8/2023,@49ers,L 13 - 38,,,,,,,,,,,,,James Conner,James-Conner,2022,RB,Arizona Cardinals,Away
17,1/1/2023,@Falcons,L 19 - 20,16,79,4.9,16,0,3,31,10.3,13,0,,,James Conner,James-Conner,2022,RB,Arizona Cardinals,Away
16,12/26/2022,Buccaneers,L 16 - 19,15,79,5.3,22,1,7,41,5.9,22,0,,,James Conner,James-Conner,2022,RB,Arizona Cardinals,Home
15,12/18/2022,@Broncos,L 15 - 24,16,63,3.9,14,1,3,28,9.3,16,0,,,James Conner,James-Conner,2022,RB,Arizona Cardinals,Away
14,12/13/2022,Patriots,L 13 - 27,15,85,5.7,23,1,6,29,4.8,9,0,0,0,James Conner,James-Conner,2022,RB,Arizona Cardinals,Home
12,11/27/2022,Chargers,L 24 - 25,25,120,4.8,20,0,3,20,6.7,9,1,1,1,James Conner,James-Conner,2022,RB,Arizona Cardinals,Home
11,11/22/2022,49ers,L 10 - 38,14,42,3,14,1,2,12,6,7,0,1,0,James Conner,James-Conner,2022,RB,Arizona Cardinals,Home
10,11/13/2022,@Rams,W 27 - 17,21,69,3.3,9,2,3,17,5.7,8,0,0,0,James Conner,James-Conner,2022,RB,Arizona Cardinals,Away
9,11/6/2022,Seahawks,L 21 - 31,7,45,6.4,14,0,5,19,3.8,8,0,0,0,James Conner,James-Conner,2022,RB,Arizona Cardinals,Home
8,10/30/2022,@Vikings,L 26 - 34,,,,,,,,,,,,,James Conner,James-Conner,2022,RB,Arizona Cardinals,Away
7,10/21/2022,Saints,W 42 - 34,,,,,,,,,,,,,James Conner,James-Conner,2022,RB,Arizona Cardinals,Home
6,10/16/2022,@Seahawks,L 9 - 19,,,,,,,,,,,,,James Conner,James-Conner,2022,RB,Arizona Cardinals,Away
5,10/9/2022,Eagles,L 17 - 20,9,55,6.1,17,0,1,8,8,8,0,,,James Conner,James-Conner,2022,RB,Arizona Cardinals,Home
4,10/2/2022,@Panthers,W 26 - 16,15,55,3.7,8,0,3,22,7.3,14,0,,,James Conner,James-Conner,2022,RB,Arizona Cardinals,Away
3,9/25/2022,Rams,L 12 - 20,13,39,3,10,0,3,18,6,7,0,,,James Conner,James-Conner,2022,RB,Arizona Cardinals,Home
2,9/18/2022,@Raiders,W 29 - 23,7,25,3.6,6,0,2,26,13,21,0,,,James Conner,James-Conner,2022,RB,Arizona Cardinals,Away
1,9/11/2022,Chiefs,L 21 - 44,10,26,2.6,8,1,5,29,5.8,11,0,1,0,James Conner,James-Conner,2022,RB,Arizona Cardinals,Home
18,1/8/2023,Panthers,L 7 - 10,23,107,4.6,22,0,1,3,3,3,0,,,Alvin Kamara,Alvin-Kamara,2022,RB,New Orleans Saints,Home
17,1/1/2023,@Eagles,W 20 - 10,16,73,4.6,15,0,1,7,7,7,0,,,Alvin Kamara,Alvin-Kamara,2022,RB,New Orleans Saints,Away
16,12/24/2022,@Browns,W 17 - 10,20,76,3.8,14,1,2,34,17,29,0,,,Alvin Kamara,Alvin-Kamara,2022,RB,New Orleans Saints,Away
15,12/18/2022,Falcons,W 21 - 18,21,91,4.3,13,0,2,13,6.5,9,0,,,Alvin Kamara,Alvin-Kamara,2022,RB,New Orleans Saints,Home
13,12/6/2022,@Buccaneers,L 16 - 17,12,26,2.2,5,0,2,11,5.5,8,0,0,0,Alvin Kamara,Alvin-Kamara,2022,RB,New Orleans Saints,Away
12,11/27/2022,@49ers,L 0 - 13,7,13,1.9,6,0,6,37,6.2,10,0,2,2,Alvin Kamara,Alvin-Kamara,2022,RB,New Orleans Saints,Away
11,11/20/2022,Rams,W 27 - 20,12,42,3.5,11,0,4,47,11.8,15,0,,,Alvin Kamara,Alvin-Kamara,2022,RB,New Orleans Saints,Home
10,11/13/2022,@Steelers,L 10 - 20,8,26,3.2,14,0,3,19,6.3,10,0,,,Alvin Kamara,Alvin-Kamara,2022,RB,New Orleans Saints,Away
9,11/8/2022,Ravens,L 13 - 27,9,30,3.3,10,0,3,32,10.7,19,0,,,Alvin Kamara,Alvin-Kamara,2022,RB,New Orleans Saints,Home
8,10/30/2022,Raiders,W 24 - 0,18,62,3.4,9,1,9,96,10.7,36,2,,,Alvin Kamara,Alvin-Kamara,2022,RB,New Orleans Saints,Home
7,10/21/2022,@Cardinals,L 34 - 42,11,49,4.4,17,0,7,56,8,12,0,,,Alvin Kamara,Alvin-Kamara,2022,RB,New Orleans Saints,Away
6,10/16/2022,Bengals,L 26 - 30,19,99,5.2,24,0,6,25,4.2,9,0,,,Alvin Kamara,Alvin-Kamara,2022,RB,New Orleans Saints,Home
5,10/9/2022,Seahawks,W 39 - 32,23,103,4.5,13,0,6,91,15.2,54,0,1,1,Alvin Kamara,Alvin-Kamara,2022,RB,New Orleans Saints,Home
4,10/2/2022,Vikings,L 25 - 28,,,,,,,,,,,,,Alvin Kamara,Alvin-Kamara,2022,RB,New Orleans Saints,Home
3,9/25/2022,@Panthers,L 14 - 22,15,61,4.1,27,0,2,12,6,6,0,1,1,Alvin Kamara,Alvin-Kamara,2022,RB,New Orleans Saints,Away
2,9/18/2022,Buccaneers,L 10 - 20,,,,,,,,,,,,,Alvin Kamara,Alvin-Kamara,2022,RB,New Orleans Saints,Home
1,9/11/2022,@Falcons,W 27 - 26,9,39,4.3,15,0,3,7,2.3,15,0,,,Alvin Kamara,Alvin-Kamara,2022,RB,New Orleans Saints,Away
18,1/8/2023,@Falcons,L 17 - 30,,,,,,1,4,4,4,0,,,Leonard Fournette,Leonard-Fournette,2022,RB,None,Away
17,1/1/2023,Panthers,W 30 - 24,10,28,2.8,7,0,4,19,4.8,11,0,,,Leonard Fournette,Leonard-Fournette,2022,RB,None,Home
16,12/26/2022,@Cardinals,W 19 - 16,20,72,3.6,23,0,9,90,10,44,0,,,Leonard Fournette,Leonard-Fournette,2022,RB,None,Away
15,12/18/2022,Bengals,L 23 - 34,10,44,4.4,8,0,4,30,7.5,12,0,,,Leonard Fournette,Leonard-Fournette,2022,RB,None,Home
14,12/11/2022,@49ers,L 7 - 35,4,13,3.2,8,0,6,33,5.5,9,0,,,Leonard Fournette,Leonard-Fournette,2022,RB,None,Away
13,12/6/2022,Saints,W 17 - 16,10,49,4.9,10,0,6,32,5.3,11,0,,,Leonard Fournette,Leonard-Fournette,2022,RB,None,Home
12,11/27/2022,@Browns,L 17 - 23,,,,,,,,,,,,,Leonard Fournette,Leonard-Fournette,2022,RB,None,Away
10,11/13/2022,Seahawks,W 21 - 16,14,57,4.1,10,1,1,1,1,1,0,,,Leonard Fournette,Leonard-Fournette,2022,RB,None,Home
9,11/6/2022,Rams,W 16 - 13,9,19,2.1,6,0,5,41,8.2,15,0,,,Leonard Fournette,Leonard-Fournette,2022,RB,None,Home
8,10/28/2022,Ravens,L 22 - 27,9,24,2.7,9,1,3,34,11.3,15,0,,,Leonard Fournette,Leonard-Fournette,2022,RB,None,Home
7,10/23/2022,@Panthers,L 3 - 21,8,19,2.4,9,0,2,7,3.5,7,0,,,Leonard Fournette,Leonard-Fournette,2022,RB,None,Away
6,10/16/2022,@Steelers,L 18 - 20,21,63,3,13,0,6,38,6.3,11,1,,,Leonard Fournette,Leonard-Fournette,2022,RB,None,Away
5,10/9/2022,Falcons,W 21 - 15,14,56,4,14,1,10,83,8.3,21,1,,,Leonard Fournette,Leonard-Fournette,2022,RB,None,Home
4,10/3/2022,Chiefs,L 31 - 41,3,-3,-1,3,0,7,57,8.1,25,1,,,Leonard Fournette,Leonard-Fournette,2022,RB,None,Home
3,9/25/2022,Packers,L 12 - 14,12,35,2.9,6,0,5,35,7,17,0,,,Leonard Fournette,Leonard-Fournette,2022,RB,None,Home
2,9/18/2022,@Saints,W 20 - 10,24,65,2.7,13,0,2,9,4.5,7,0,,,Leonard Fournette,Leonard-Fournette,2022,RB,None,Away
1,9/12/2022,@Cowboys,W 19 - 3,21,127,6,17,0,2,10,5,9,0,,,Leonard Fournette,Leonard-Fournette,2022,RB,None,Away
18,1/8/2023,Vikings,L 13 - 29,7,21,3,8,0,,,,,,,,David Montgomery,David-Montgomery,2022,RB,Detroit Lions,Home
17,1/1/2023,@Lions,L 10 - 41,6,24,4,9,0,2,12,6,8,0,,,David Montgomery,David-Montgomery,2022,RB,Detroit Lions,Away
16,12/24/2022,Bills,L 13 - 35,16,62,3.9,28,0,4,22,5.5,10,0,1,1,David Montgomery,David-Montgomery,2022,RB,Detroit Lions,Home
15,12/18/2022,Eagles,L 20 - 25,12,53,4.4,9,1,3,38,12.7,21,1,,,David Montgomery,David-Montgomery,2022,RB,Detroit Lions,Home
13,12/4/2022,Packers,L 19 - 28,14,61,4.4,9,1,4,6,1.5,7,0,,,David Montgomery,David-Montgomery,2022,RB,Detroit Lions,Home
12,11/27/2022,@Jets,L 10 - 31,14,79,5.6,14,0,3,34,11.3,26,0,,,David Montgomery,David-Montgomery,2022,RB,Detroit Lions,Away
11,11/20/2022,@Falcons,L 24 - 27,17,67,3.9,15,1,3,54,18,32,0,,,David Montgomery,David-Montgomery,2022,RB,Detroit Lions,Away
10,11/13/2022,Lions,L 30 - 31,9,37,4.1,9,0,1,7,7,7,0,,,David Montgomery,David-Montgomery,2022,RB,Detroit Lions,Home
9,11/6/2022,Dolphins,L 32 - 35,14,36,2.6,8,0,1,8,8,8,0,,,David Montgomery,David-Montgomery,2022,RB,Detroit Lions,Home
8,10/30/2022,@Cowboys,L 29 - 49,15,53,3.5,10,0,3,22,7.3,13,0,1,1,David Montgomery,David-Montgomery,2022,RB,Detroit Lions,Away
7,10/25/2022,@Patriots,W 33 - 14,15,62,4.1,12,1,,,,,,0,0,David Montgomery,David-Montgomery,2022,RB,Detroit Lions,Away
6,10/14/2022,Commanders,L 7 - 12,15,67,4.5,13,0,1,13,13,13,0,0,0,David Montgomery,David-Montgomery,2022,RB,Detroit Lions,Home
5,10/9/2022,@Vikings,L 22 - 29,12,20,1.7,9,1,4,62,15.5,30,0,,,David Montgomery,David-Montgomery,2022,RB,Detroit Lions,Away
4,10/2/2022,@Giants,L 12 - 20,,,,,,,,,,,,,David Montgomery,David-Montgomery,2022,RB,Detroit Lions,Away
3,9/25/2022,Texans,W 23 - 20,3,11,3.7,5,0,,,,,,,,David Montgomery,David-Montgomery,2022,RB,Detroit Lions,Home
2,9/19/2022,@Packers,L 10 - 27,15,122,8.1,28,0,2,14,7,7,0,,,David Montgomery,David-Montgomery,2022,RB,Detroit Lions,Away
1,9/11/2022,49ers,W 19 - 10,17,26,1.5,6,0,3,24,8,16,0,,,David Montgomery,David-Montgomery,2022,RB,Detroit Lions,Home
18,1/8/2023,@Commanders,L 6 - 26,8,10,1.2,4,0,0,0,,0,0,,,Ezekiel Elliott,Ezekiel-Elliott,2022,RB,New England Patriots,Away
17,12/30/2022,@Titans,W 27 - 13,19,37,2,6,1,,,,,,,,Ezekiel Elliott,Ezekiel-Elliott,2022,RB,New England Patriots,Away
16,12/24/2022,Eagles,W 40 - 34,16,55,3.4,22,1,1,6,6,6,0,,,Ezekiel Elliott,Ezekiel-Elliott,2022,RB,New England Patriots,Home
15,12/18/2022,@Jaguars,L 34 - 40,16,58,3.6,10,1,2,13,6.5,7,0,,,Ezekiel Elliott,Ezekiel-Elliott,2022,RB,New England Patriots,Away
14,12/11/2022,Texans,W 27 - 23,15,62,4.1,25,1,3,19,6.3,8,0,,,Ezekiel Elliott,Ezekiel-Elliott,2022,RB,New England Patriots,Home
13,12/5/2022,Colts,W 54 - 19,17,77,4.5,22,1,3,14,4.7,11,0,,,Ezekiel Elliott,Ezekiel-Elliott,2022,RB,New England Patriots,Home
12,11/24/2022,Giants,W 28 - 20,16,92,5.8,22,1,1,3,3,3,0,,,Ezekiel Elliott,Ezekiel-Elliott,2022,RB,New England Patriots,Home
11,11/20/2022,@Vikings,W 40 - 3,15,42,2.8,8,2,1,5,5,5,0,,,Ezekiel Elliott,Ezekiel-Elliott,2022,RB,New England Patriots,Away
10,11/13/2022,@Packers,L 28 - 31,,,,,,,,,,,,,Ezekiel Elliott,Ezekiel-Elliott,2022,RB,New England Patriots,Away
8,10/30/2022,Bears,W 49 - 29,,,,,,,,,,,,,Ezekiel Elliott,Ezekiel-Elliott,2022,RB,New England Patriots,Home
7,10/23/2022,Lions,W 24 - 6,15,57,3.8,18,2,,,,,,,,Ezekiel Elliott,Ezekiel-Elliott,2022,RB,New England Patriots,Home
6,10/17/2022,@Eagles,L 17 - 26,13,81,6.2,14,1,1,5,5,5,0,,,Ezekiel Elliott,Ezekiel-Elliott,2022,RB,New England Patriots,Away
5,10/9/2022,@Rams,W 22 - 10,22,78,3.6,12,0,,,,,,,,Ezekiel Elliott,Ezekiel-Elliott,2022,RB,New England Patriots,Away
4,10/2/2022,Commanders,W 25 - 10,19,49,2.6,7,0,2,32,16,31,0,,,Ezekiel Elliott,Ezekiel-Elliott,2022,RB,New England Patriots,Home
3,9/27/2022,@Giants,W 23 - 16,15,73,4.9,27,1,1,2,2,2,0,,,Ezekiel Elliott,Ezekiel-Elliott,2022,RB,New England Patriots,Away
2,9/18/2022,Bengals,W 20 - 17,15,53,3.5,11,0,1,-4,-4,0,0,,,Ezekiel Elliott,Ezekiel-Elliott,2022,RB,New England Patriots,Home
1,9/12/2022,Buccaneers,L 3 - 19,10,52,5.2,7,0,1,-3,-3,0,0,,,Ezekiel Elliott,Ezekiel-Elliott,2022,RB,New England Patriots,Home
18,1/9/2023,@Packers,W 20 - 16,6,25,4.2,11,0,7,61,8.7,18,0,,,D'Andre Swift,D-Andre-Swift,2022,RB,Philadelphia Eagles,Away
17,1/1/2023,Bears,W 41 - 10,11,78,7.1,35,1,4,39,9.8,21,1,,,D'Andre Swift,D-Andre-Swift,2022,RB,Philadelphia Eagles,Home
16,12/24/2022,@Panthers,L 23 - 37,4,12,3,4,0,1,13,13,13,0,,,D'Andre Swift,D-Andre-Swift,2022,RB,Philadelphia Eagles,Away
15,12/18/2022,@Jets,W 20 - 17,8,52,6.5,16,0,5,23,4.6,8,0,,,D'Andre Swift,D-Andre-Swift,2022,RB,Philadelphia Eagles,Away
14,12/11/2022,Vikings,W 34 - 23,6,21,3.5,9,0,3,18,6,15,0,,,D'Andre Swift,D-Andre-Swift,2022,RB,Philadelphia Eagles,Home
13,12/4/2022,Jaguars,W 40 - 14,14,62,4.4,10,1,4,49,12.2,24,0,,,D'Andre Swift,D-Andre-Swift,2022,RB,Philadelphia Eagles,Home
12,11/24/2022,Bills,L 25 - 28,5,19,3.8,7,0,4,24,6,14,0,,,D'Andre Swift,D-Andre-Swift,2022,RB,Philadelphia Eagles,Home
11,11/20/2022,@Giants,W 31 - 18,5,20,4,16,1,3,12,4,7,0,1,0,D'Andre Swift,D-Andre-Swift,2022,RB,Philadelphia Eagles,Away
10,11/13/2022,@Bears,W 31 - 30,6,6,1,9,1,1,6,6,6,0,,,D'Andre Swift,D-Andre-Swift,2022,RB,Philadelphia Eagles,Away
9,11/6/2022,Packers,W 15 - 9,2,10,5,7,0,3,40,13.3,20,0,,,D'Andre Swift,D-Andre-Swift,2022,RB,Philadelphia Eagles,Home
8,10/30/2022,Dolphins,L 27 - 31,5,6,1.2,7,0,5,27,5.4,8,1,,,D'Andre Swift,D-Andre-Swift,2022,RB,Philadelphia Eagles,Home
7,10/23/2022,@Cowboys,L 6 - 24,,,,,,,,,,,,,D'Andre Swift,D-Andre-Swift,2022,RB,Philadelphia Eagles,Away
5,10/9/2022,@Patriots,L 0 - 29,,,,,,,,,,,,,D'Andre Swift,D-Andre-Swift,2022,RB,Philadelphia Eagles,Away
4,10/2/2022,Seahawks,L 45 - 48,,,,,,,,,,,,,D'Andre Swift,D-Andre-Swift,2022,RB,Philadelphia Eagles,Home
3,9/25/2022,@Vikings,L 24 - 28,7,31,4.4,9,0,3,15,5,11,0,,,D'Andre Swift,D-Andre-Swift,2022,RB,Philadelphia Eagles,Away
2,9/18/2022,Commanders,W 36 - 27,5,56,11.2,50,0,2,31,15.5,22,1,,,D'Andre Swift,D-Andre-Swift,2022,RB,Philadelphia Eagles,Home
1,9/11/2022,Eagles,L 35 - 38,15,144,9.6,50,1,3,31,10.3,25,0,,,D'Andre Swift,D-Andre-Swift,2022,RB,Philadelphia Eagles,Home
18,1/7/2023,@Raiders,W 31 - 13,2,6,3,7,0,2,0,0,2,1,,,Jerick McKinnon,Jerick-McKinnon,2022,RB,Kansas City Chiefs,Away
17,1/1/2023,Broncos,W 27 - 24,2,4,2,4,0,5,52,10.4,28,2,,,Jerick McKinnon,Jerick-McKinnon,2022,RB,Kansas City Chiefs,Home
16,12/24/2022,Seahawks,W 24 - 10,5,7,1.4,5,0,3,31,10.3,16,1,,,Jerick McKinnon,Jerick-McKinnon,2022,RB,Kansas City Chiefs,Home
15,12/18/2022,@Texans,W 30 - 24,10,52,5.2,26,1,8,70,8.8,21,1,,,Jerick McKinnon,Jerick-McKinnon,2022,RB,Kansas City Chiefs,Away
14,12/11/2022,@Broncos,W 34 - 28,6,22,3.7,7,0,7,112,16,56,2,,,Jerick McKinnon,Jerick-McKinnon,2022,RB,Kansas City Chiefs,Away
13,12/4/2022,@Bengals,L 24 - 27,8,51,6.4,14,0,2,9,4.5,7,1,,,Jerick McKinnon,Jerick-McKinnon,2022,RB,Kansas City Chiefs,Away
12,11/27/2022,Rams,W 26 - 10,,,,,,3,26,8.7,11,0,,,Jerick McKinnon,Jerick-McKinnon,2022,RB,Kansas City Chiefs,Home
11,11/21/2022,@Chargers,W 30 - 27,6,24,4,7,0,1,0,0,0,0,1,1,Jerick McKinnon,Jerick-McKinnon,2022,RB,Kansas City Chiefs,Away
10,11/13/2022,Jaguars,W 27 - 17,1,2,2,2,0,6,56,9.3,19,0,,,Jerick McKinnon,Jerick-McKinnon,2022,RB,Kansas City Chiefs,Home
9,11/7/2022,Titans,W 20 - 17,3,4,1.3,3,0,6,40,6.7,16,0,,,Jerick McKinnon,Jerick-McKinnon,2022,RB,Kansas City Chiefs,Home
7,10/23/2022,@49ers,W 44 - 23,2,12,6,9,0,2,36,18,34,0,,,Jerick McKinnon,Jerick-McKinnon,2022,RB,Kansas City Chiefs,Away
6,10/16/2022,Bills,L 20 - 24,2,1,0.5,1,0,3,29,9.7,19,0,,,Jerick McKinnon,Jerick-McKinnon,2022,RB,Kansas City Chiefs,Home
5,10/11/2022,Raiders,W 30 - 29,8,53,6.6,30,0,2,19,9.5,12,0,,,Jerick McKinnon,Jerick-McKinnon,2022,RB,Kansas City Chiefs,Home
4,10/3/2022,@Buccaneers,W 41 - 31,2,-1,-0.5,0,0,1,1,1,1,0,,,Jerick McKinnon,Jerick-McKinnon,2022,RB,Kansas City Chiefs,Away
3,9/25/2022,@Colts,L 17 - 20,7,20,2.9,6,0,0,0,,0,0,,,Jerick McKinnon,Jerick-McKinnon,2022,RB,Kansas City Chiefs,Away
2,9/16/2022,Chargers,W 27 - 24,4,12,3,5,0,2,4,2,9,1,,,Jerick McKinnon,Jerick-McKinnon,2022,RB,Kansas City Chiefs,Home
1,9/11/2022,@Cardinals,W 44 - 21,4,22,5.5,18,0,3,27,9,18,0,,,Jerick McKinnon,Jerick-McKinnon,2022,RB,Kansas City Chiefs,Away
18,1/8/2023,Patriots,W 35 - 23,7,29,4.1,18,0,1,3,3,3,0,1,1,Devin Singletary,Devin-Singletary,2022,RB,Houston Texans,Home
16,12/24/2022,@Bears,W 35 - 13,12,106,8.8,33,1,2,19,9.5,10,0,,,Devin Singletary,Devin-Singletary,2022,RB,Houston Texans,Away
15,12/18/2022,Dolphins,W 32 - 29,13,42,3.2,8,0,3,28,9.3,13,0,,,Devin Singletary,Devin-Singletary,2022,RB,Houston Texans,Home
14,12/11/2022,Jets,W 20 - 12,8,39,4.9,16,0,1,4,4,4,0,,,Devin Singletary,Devin-Singletary,2022,RB,Houston Texans,Home
13,12/2/2022,@Patriots,W 24 - 10,13,51,3.9,11,1,0,0,,0,0,,,Devin Singletary,Devin-Singletary,2022,RB,Houston Texans,Away
12,11/24/2022,@Lions,W 28 - 25,14,72,5.1,19,0,1,8,8,8,0,,,Devin Singletary,Devin-Singletary,2022,RB,Houston Texans,Away
11,11/20/2022,Browns,W 31 - 23,18,86,4.8,18,1,2,11,5.5,6,0,,,Devin Singletary,Devin-Singletary,2022,RB,Houston Texans,Home
10,11/13/2022,Vikings,L 30 - 33,13,47,3.6,21,2,1,0,0,0,0,1,1,Devin Singletary,Devin-Singletary,2022,RB,Houston Texans,Home
9,11/6/2022,@Jets,L 17 - 20,8,24,3,5,0,4,24,6,11,0,,,Devin Singletary,Devin-Singletary,2022,RB,Houston Texans,Away
8,10/31/2022,Packers,W 27 - 17,14,67,4.8,30,0,1,16,16,16,0,,,Devin Singletary,Devin-Singletary,2022,RB,Houston Texans,Home
6,10/16/2022,@Chiefs,W 24 - 20,17,85,5,14,0,4,22,5.5,11,0,,,Devin Singletary,Devin-Singletary,2022,RB,Houston Texans,Away
5,10/9/2022,Steelers,W 38 - 3,6,42,7,23,0,1,4,4,4,0,,,Devin Singletary,Devin-Singletary,2022,RB,Houston Texans,Home
4,10/2/2022,@Ravens,W 23 - 20,11,49,4.4,18,0,4,47,11.8,16,0,1,1,Devin Singletary,Devin-Singletary,2022,RB,Houston Texans,Away
3,9/25/2022,@Dolphins,L 19 - 21,9,13,1.4,6,0,9,78,8.7,22,1,,,Devin Singletary,Devin-Singletary,2022,RB,Houston Texans,Away
2,9/19/2022,Titans,W 41 - 7,6,19,3.2,16,0,2,2,1,1,0,,,Devin Singletary,Devin-Singletary,2022,RB,Houston Texans,Home
1,9/9/2022,@Rams,W 31 - 10,8,48,6,13,0,2,14,7,8,0,,,Devin Singletary,Devin-Singletary,2022,RB,Houston Texans,Away
18,1/9/2023,Lions,L 16 - 20,9,33,3.7,9,0,0,0,,0,0,,,AJ Dillon,A-J-Dillon,2022,RB,Green Bay Packers,Home
17,1/1/2023,Vikings,W 41 - 17,12,41,3.4,10,1,0,0,,0,0,,,AJ Dillon,A-J-Dillon,2022,RB,Green Bay Packers,Home
16,12/25/2022,@Dolphins,W 26 - 20,11,36,3.3,11,1,2,12,6,7,0,0,0,AJ Dillon,A-J-Dillon,2022,RB,Green Bay Packers,Away
15,12/20/2022,Rams,W 24 - 12,11,36,3.3,8,2,3,35,11.7,17,0,,,AJ Dillon,A-J-Dillon,2022,RB,Green Bay Packers,Home
13,12/4/2022,@Bears,W 28 - 19,18,93,5.2,21,1,3,26,8.7,11,0,,,AJ Dillon,A-J-Dillon,2022,RB,Green Bay Packers,Away
12,11/28/2022,@Eagles,L 33 - 40,8,64,8,20,1,3,24,8,11,0,,,AJ Dillon,A-J-Dillon,2022,RB,Green Bay Packers,Away
11,11/18/2022,Titans,L 17 - 27,6,13,2.2,5,0,1,10,10,10,0,,,AJ Dillon,A-J-Dillon,2022,RB,Green Bay Packers,Home
10,11/13/2022,Cowboys,W 31 - 28,13,65,5,17,0,,,,,,,,AJ Dillon,A-J-Dillon,2022,RB,Green Bay Packers,Home
9,11/6/2022,@Lions,L 9 - 15,11,34,3.1,9,0,2,10,5,7,0,1,0,AJ Dillon,A-J-Dillon,2022,RB,Green Bay Packers,Away
8,10/31/2022,@Bills,L 17 - 27,10,54,5.4,27,0,1,9,9,9,0,,,AJ Dillon,A-J-Dillon,2022,RB,Green Bay Packers,Away
7,10/23/2022,@Commanders,L 21 - 23,4,15,3.8,7,0,,,,,,,,AJ Dillon,A-J-Dillon,2022,RB,Green Bay Packers,Away
6,10/16/2022,Jets,L 10 - 27,10,41,4.1,19,0,4,11,2.8,7,0,,,AJ Dillon,A-J-Dillon,2022,RB,Green Bay Packers,Home
5,10/9/2022,Giants,L 22 - 27,6,34,5.7,11,0,,,,,,,,AJ Dillon,A-J-Dillon,2022,RB,Green Bay Packers,Home
4,10/2/2022,Patriots,W 27 - 24,17,73,4.3,13,0,1,11,11,11,0,,,AJ Dillon,A-J-Dillon,2022,RB,Green Bay Packers,Home
3,9/25/2022,@Buccaneers,W 14 - 12,12,32,2.7,7,0,2,6,3,7,0,,,AJ Dillon,A-J-Dillon,2022,RB,Green Bay Packers,Away
2,9/19/2022,Bears,W 27 - 10,18,61,3.4,11,0,1,6,6,6,0,0,0,AJ Dillon,A-J-Dillon,2022,RB,Green Bay Packers,Home
1,9/11/2022,@Vikings,L 7 - 23,10,45,4.5,14,1,5,46,9.2,12,0,,,AJ Dillon,A-J-Dillon,2022,RB,Green Bay Packers,Away
18,1/8/2023,Jets,W 11 - 6,11,71,6.4,21,0,2,-10,-5,1,0,,,Raheem Mostert,Raheem-Mostert,2022,RB,Miami Dolphins,Home
17,1/1/2023,@Patriots,L 21 - 23,9,29,3.2,6,0,8,62,7.8,25,1,,,Raheem Mostert,Raheem-Mostert,2022,RB,Miami Dolphins,Away
16,12/25/2022,Packers,L 20 - 26,8,45,5.6,17,0,2,4,2,2,0,1,1,Raheem Mostert,Raheem-Mostert,2022,RB,Miami Dolphins,Home
15,12/18/2022,@Bills,L 29 - 32,17,136,8,67,0,1,20,20,20,0,,,Raheem Mostert,Raheem-Mostert,2022,RB,Miami Dolphins,Away
14,12/12/2022,@Chargers,L 17 - 23,11,37,3.4,13,0,1,7,7,7,0,,,Raheem Mostert,Raheem-Mostert,2022,RB,Miami Dolphins,Away
13,12/4/2022,@49ers,L 17 - 33,7,30,4.3,8,0,,,,,,,,Raheem Mostert,Raheem-Mostert,2022,RB,Miami Dolphins,Away
12,11/27/2022,Texans,W 30 - 15,,,,,,,,,,,,,Raheem Mostert,Raheem-Mostert,2022,RB,Miami Dolphins,Home
10,11/13/2022,Browns,W 39 - 17,8,65,8.1,24,1,4,22,5.5,8,0,,,Raheem Mostert,Raheem-Mostert,2022,RB,Miami Dolphins,Home
9,11/6/2022,@Bears,W 35 - 32,9,26,2.9,14,1,0,0,,0,0,,,Raheem Mostert,Raheem-Mostert,2022,RB,Miami Dolphins,Away
8,10/30/2022,@Lions,W 31 - 27,14,64,4.6,13,0,1,3,3,3,0,,,Raheem Mostert,Raheem-Mostert,2022,RB,Miami Dolphins,Away
7,10/24/2022,Steelers,W 16 - 10,16,79,4.9,12,0,4,30,7.5,18,1,,,Raheem Mostert,Raheem-Mostert,2022,RB,Miami Dolphins,Home
6,10/16/2022,Vikings,L 16 - 24,14,49,3.5,16,0,1,-1,-1,0,0,,,Raheem Mostert,Raheem-Mostert,2022,RB,Miami Dolphins,Home
5,10/9/2022,@Jets,L 17 - 40,18,113,6.3,24,1,1,9,9,9,0,,,Raheem Mostert,Raheem-Mostert,2022,RB,Miami Dolphins,Away
4,9/30/2022,@Bengals,L 15 - 27,15,69,4.6,25,0,2,12,6,6,0,,,Raheem Mostert,Raheem-Mostert,2022,RB,Miami Dolphins,Away
3,9/25/2022,Bills,W 21 - 19,8,11,1.4,9,0,0,0,,0,0,,,Raheem Mostert,Raheem-Mostert,2022,RB,Miami Dolphins,Home
2,9/18/2022,@Ravens,W 42 - 38,11,51,4.6,11,0,3,28,9.3,13,0,,,Raheem Mostert,Raheem-Mostert,2022,RB,Miami Dolphins,Away
1,9/11/2022,Patriots,W 20 - 7,5,16,3.2,11,0,1,16,16,16,0,,,Raheem Mostert,Raheem-Mostert,2022,RB,Miami Dolphins,Home
18,1/8/2023,Buccaneers,W 30 - 17,24,135,5.6,28,0,,,,,,,,Tyler Allgeier,Tyler-Allgeier,2022,RB,Atlanta Falcons,Home
17,1/1/2023,Cardinals,W 20 - 19,20,83,4.2,17,1,1,12,12,12,0,,,Tyler Allgeier,Tyler-Allgeier,2022,RB,Atlanta Falcons,Home
16,12/24/2022,@Ravens,L 9 - 17,18,74,4.1,16,0,4,43,10.8,26,0,,,Tyler Allgeier,Tyler-Allgeier,2022,RB,Atlanta Falcons,Away
15,12/18/2022,@Saints,L 18 - 21,17,139,8.2,43,1,1,-3,-3,-3,0,,,Tyler Allgeier,Tyler-Allgeier,2022,RB,Atlanta Falcons,Away
13,12/4/2022,Steelers,L 16 - 19,10,52,5.2,20,0,,,,,,,,Tyler Allgeier,Tyler-Allgeier,2022,RB,Atlanta Falcons,Home
12,11/27/2022,@Commanders,L 13 - 19,11,54,4.9,15,0,,,,,,,,Tyler Allgeier,Tyler-Allgeier,2022,RB,Atlanta Falcons,Away
11,11/20/2022,Bears,W 27 - 24,8,55,6.9,26,0,1,9,9,9,0,,,Tyler Allgeier,Tyler-Allgeier,2022,RB,Atlanta Falcons,Home
10,11/11/2022,@Panthers,L 15 - 25,8,20,2.5,6,0,3,-17,-5.7,-5,0,,,Tyler Allgeier,Tyler-Allgeier,2022,RB,Atlanta Falcons,Away
9,11/6/2022,Chargers,L 17 - 20,10,99,9.9,44,0,1,24,24,24,0,,,Tyler Allgeier,Tyler-Allgeier,2022,RB,Atlanta Falcons,Home
8,10/30/2022,Panthers,W 37 - 34,14,39,2.8,13,0,3,46,15.3,25,1,,,Tyler Allgeier,Tyler-Allgeier,2022,RB,Atlanta Falcons,Home
7,10/23/2022,@Bengals,L 17 - 35,16,50,3.1,9,1,,,,,,,,Tyler Allgeier,Tyler-Allgeier,2022,RB,Atlanta Falcons,Away
6,10/16/2022,49ers,W 28 - 14,15,51,3.4,8,0,,,,,,,,Tyler Allgeier,Tyler-Allgeier,2022,RB,Atlanta Falcons,Home
5,10/9/2022,@Buccaneers,L 15 - 21,13,45,3.5,17,0,,,,,,,,Tyler Allgeier,Tyler-Allgeier,2022,RB,Atlanta Falcons,Away
4,10/2/2022,Browns,W 23 - 20,10,84,8.4,42,0,1,20,20,20,0,,,Tyler Allgeier,Tyler-Allgeier,2022,RB,Atlanta Falcons,Home
3,9/25/2022,@Seahawks,W 27 - 23,6,25,4.2,7,0,1,5,5,5,0,,,Tyler Allgeier,Tyler-Allgeier,2022,RB,Atlanta Falcons,Away
2,9/18/2022,@Rams,L 27 - 31,10,30,3,9,0,,,,,,0,0,Tyler Allgeier,Tyler-Allgeier,2022,RB,Atlanta Falcons,Away
1,9/11/2022,Saints,L 26 - 27,,,,,,,,,,,,,Tyler Allgeier,Tyler-Allgeier,2022,RB,Atlanta Falcons,Home
17,1/1/2023,Browns,L 10 - 24,,,,,,,,,,,,,Antonio Gibson,Antonio-Gibson-2,2022,RB,Washington Commanders,Home
16,12/24/2022,@49ers,L 20 - 37,5,10,2,5,0,2,21,10.5,12,0,,,Antonio Gibson,Antonio-Gibson-2,2022,RB,Washington Commanders,Away
15,12/19/2022,Giants,L 12 - 20,5,21,4.2,10,0,2,6,3,4,0,1,0,Antonio Gibson,Antonio-Gibson-2,2022,RB,Washington Commanders,Home
13,12/4/2022,@Giants,T 20 - 20,9,39,4.3,7,0,2,20,10,12,0,,,Antonio Gibson,Antonio-Gibson-2,2022,RB,Washington Commanders,Away
12,11/27/2022,Falcons,W 19 - 13,9,32,3.6,10,0,3,22,7.3,14,0,,,Antonio Gibson,Antonio-Gibson-2,2022,RB,Washington Commanders,Home
11,11/20/2022,@Texans,W 23 - 10,18,72,4,18,0,3,31,10.3,18,0,,,Antonio Gibson,Antonio-Gibson-2,2022,RB,Washington Commanders,Away
10,11/15/2022,@Eagles,W 32 - 21,14,44,3.1,7,1,3,14,4.7,12,0,,,Antonio Gibson,Antonio-Gibson-2,2022,RB,Washington Commanders,Away
9,11/6/2022,Vikings,L 17 - 20,11,36,3.3,9,0,2,11,5.5,10,0,,,Antonio Gibson,Antonio-Gibson-2,2022,RB,Washington Commanders,Home
8,10/30/2022,@Colts,W 17 - 16,7,19,2.7,5,0,7,58,8.3,18,1,,,Antonio Gibson,Antonio-Gibson-2,2022,RB,Washington Commanders,Away
7,10/23/2022,Packers,W 23 - 21,10,59,5.9,20,0,3,18,6,9,1,,,Antonio Gibson,Antonio-Gibson-2,2022,RB,Washington Commanders,Home
6,10/14/2022,@Bears,W 12 - 7,5,35,7,18,0,3,18,6,8,0,,,Antonio Gibson,Antonio-Gibson-2,2022,RB,Washington Commanders,Away
5,10/9/2022,Titans,L 17 - 21,3,6,2,3,0,3,33,11,15,0,,,Antonio Gibson,Antonio-Gibson-2,2022,RB,Washington Commanders,Home
4,10/2/2022,@Cowboys,L 10 - 25,13,49,3.8,11,0,3,14,4.7,11,0,,,Antonio Gibson,Antonio-Gibson-2,2022,RB,Washington Commanders,Away
3,9/25/2022,Eagles,L 8 - 24,12,38,3.2,11,1,1,2,2,2,0,,,Antonio Gibson,Antonio-Gibson-2,2022,RB,Washington Commanders,Home
2,9/18/2022,@Lions,L 27 - 36,14,28,2,8,1,2,13,6.5,11,0,,,Antonio Gibson,Antonio-Gibson-2,2022,RB,Washington Commanders,Away
1,9/11/2022,Jaguars,W 28 - 22,14,58,4.1,13,0,7,72,10.3,26,0,,,Antonio Gibson,Antonio-Gibson-2,2022,RB,Washington Commanders,Home
18,1/8/2023,Jets,W 11 - 6,16,72,4.5,16,0,2,2,1,2,0,,,Jeff Wilson,Jeff-Wilson,2022,RB,Miami Dolphins,Home
17,1/1/2023,@Patriots,L 21 - 23,15,45,3,11,0,3,31,10.3,13,0,,,Jeff Wilson,Jeff-Wilson,2022,RB,Miami Dolphins,Away
16,12/25/2022,Packers,L 20 - 26,9,37,4.1,12,1,1,3,3,3,0,,,Jeff Wilson,Jeff-Wilson,2022,RB,Miami Dolphins,Home
15,12/18/2022,@Bills,L 29 - 32,,,,,,,,,,,,,Jeff Wilson,Jeff-Wilson,2022,RB,Miami Dolphins,Away
14,12/12/2022,@Chargers,L 17 - 23,4,26,6.5,20,0,,,,,,1,0,Jeff Wilson,Jeff-Wilson,2022,RB,Miami Dolphins,Away
13,12/4/2022,@49ers,L 17 - 33,1,3,3,3,0,0,0,,0,0,,,Jeff Wilson,Jeff-Wilson,2022,RB,Miami Dolphins,Away
12,11/27/2022,Texans,W 30 - 15,13,39,3,9,1,1,13,13,13,0,,,Jeff Wilson,Jeff-Wilson,2022,RB,Miami Dolphins,Home
10,11/13/2022,Browns,W 39 - 17,17,119,7,20,1,2,24,12,14,0,,,Jeff Wilson,Jeff-Wilson,2022,RB,Miami Dolphins,Home
9,11/6/2022,@Bears,W 35 - 32,9,51,5.7,28,0,3,21,7,10,1,,,Jeff Wilson,Jeff-Wilson,2022,RB,Miami Dolphins,Away
8,10/30/2022,@Rams,W 31 - 14,4,14,3.5,12,0,2,21,10.5,12,0,,,Jeff Wilson,Jeff-Wilson,2022,RB,Miami Dolphins,Away
7,10/23/2022,Chiefs,L 23 - 44,7,54,7.7,15,0,0,0,,0,0,,,Jeff Wilson,Jeff-Wilson,2022,RB,Miami Dolphins,Home
6,10/16/2022,@Falcons,L 14 - 28,7,25,3.6,9,0,0,0,,0,0,1,1,Jeff Wilson,Jeff-Wilson,2022,RB,Miami Dolphins,Away
5,10/9/2022,@Panthers,W 37 - 15,17,120,7.1,41,1,1,12,12,12,0,0,0,Jeff Wilson,Jeff-Wilson,2022,RB,Miami Dolphins,Away
4,10/4/2022,Rams,W 24 - 9,18,74,4.1,32,1,,,,,,,,Jeff Wilson,Jeff-Wilson,2022,RB,Miami Dolphins,Home
3,9/26/2022,@Broncos,L 10 - 11,12,75,6.2,37,0,3,31,10.3,16,0,1,1,Jeff Wilson,Jeff-Wilson,2022,RB,Miami Dolphins,Away
2,9/18/2022,Seahawks,W 27 - 7,18,84,4.7,16,0,2,19,9.5,14,0,,,Jeff Wilson,Jeff-Wilson,2022,RB,Miami Dolphins,Home
1,9/11/2022,@Bears,L 10 - 19,9,22,2.4,5,0,2,8,4,6,0,,,Jeff Wilson,Jeff-Wilson,2022,RB,Miami Dolphins,Away
14,12/11/2022,@Cowboys,L 23 - 27,22,78,3.6,24,1,,,,,,1,1,Dameon Pierce,Dameon-Pierce,2022,RB,Houston Texans,Away
13,12/4/2022,Browns,L 14 - 27,18,73,4.1,11,0,3,22,7.3,14,0,,,Dameon Pierce,Dameon-Pierce,2022,RB,Houston Texans,Home
12,11/27/2022,@Dolphins,L 15 - 30,5,8,1.6,4,0,3,8,2.7,9,0,,,Dameon Pierce,Dameon-Pierce,2022,RB,Houston Texans,Away
11,11/20/2022,Commanders,L 10 - 23,10,8,0.8,3,0,2,9,4.5,7,0,,,Dameon Pierce,Dameon-Pierce,2022,RB,Houston Texans,Home
10,11/13/2022,@Giants,L 16 - 24,17,94,5.5,44,0,2,28,14,16,0,1,1,Dameon Pierce,Dameon-Pierce,2022,RB,Houston Texans,Away
9,11/4/2022,Eagles,L 17 - 29,27,139,5.2,36,0,,,,,,,,Dameon Pierce,Dameon-Pierce,2022,RB,Houston Texans,Home
8,10/30/2022,Titans,L 10 - 17,15,35,2.3,16,0,3,16,5.3,7,1,,,Dameon Pierce,Dameon-Pierce,2022,RB,Houston Texans,Home
7,10/23/2022,@Raiders,L 20 - 38,20,92,4.6,22,0,4,25,6.2,11,0,,,Dameon Pierce,Dameon-Pierce,2022,RB,Houston Texans,Away
5,10/9/2022,@Jaguars,W 13 - 6,26,99,3.8,20,1,3,14,4.7,11,0,,,Dameon Pierce,Dameon-Pierce,2022,RB,Houston Texans,Away
4,10/2/2022,Chargers,L 24 - 34,14,131,9.4,75,1,6,8,1.3,8,0,,,Dameon Pierce,Dameon-Pierce,2022,RB,Houston Texans,Home
3,9/25/2022,@Bears,L 20 - 23,20,80,4,24,1,2,21,10.5,12,0,2,0,Dameon Pierce,Dameon-Pierce,2022,RB,Houston Texans,Away
2,9/18/2022,@Broncos,L 9 - 16,15,69,4.6,12,0,1,8,8,8,0,,,Dameon Pierce,Dameon-Pierce,2022,RB,Houston Texans,Away
1,9/11/2022,Colts,T 20 - 20,11,33,3,8,0,1,6,6,6,0,,,Dameon Pierce,Dameon-Pierce,2022,RB,Houston Texans,Home
18,1/8/2023,Buccaneers,W 30 - 17,5,18,3.6,8,1,2,1,0.5,4,0,,,Cordarrelle Patterson,Cordarrelle-Patterson,2022,RB,Atlanta Falcons,Home
17,1/1/2023,Cardinals,W 20 - 19,9,42,4.7,22,1,6,42,7,16,0,,,Cordarrelle Patterson,Cordarrelle-Patterson,2022,RB,Atlanta Falcons,Home
16,12/24/2022,@Ravens,L 9 - 17,8,17,2.1,7,0,1,14,14,14,0,,,Cordarrelle Patterson,Cordarrelle-Patterson,2022,RB,Atlanta Falcons,Away
15,12/18/2022,@Saints,L 18 - 21,14,52,3.7,11,1,1,0,0,0,0,,,Cordarrelle Patterson,Cordarrelle-Patterson,2022,RB,Atlanta Falcons,Away
13,12/4/2022,Steelers,L 16 - 19,11,60,5.4,22,0,,,,,,,,Cordarrelle Patterson,Cordarrelle-Patterson,2022,RB,Atlanta Falcons,Home
12,11/27/2022,@Commanders,L 13 - 19,11,52,4.7,21,0,3,19,6.3,15,0,,,Cordarrelle Patterson,Cordarrelle-Patterson,2022,RB,Atlanta Falcons,Away
11,11/20/2022,Bears,W 27 - 24,10,52,5.2,17,0,2,7,3.5,9,0,1,1,Cordarrelle Patterson,Cordarrelle-Patterson,2022,RB,Atlanta Falcons,Home
10,11/11/2022,@Panthers,L 15 - 25,5,18,3.6,9,0,1,2,2,2,0,,,Cordarrelle Patterson,Cordarrelle-Patterson,2022,RB,Atlanta Falcons,Away
9,11/6/2022,Chargers,L 17 - 20,13,44,3.4,7,2,1,9,9,9,0,,,Cordarrelle Patterson,Cordarrelle-Patterson,2022,RB,Atlanta Falcons,Home
4,10/2/2022,Browns,W 23 - 20,9,38,4.2,13,1,,,,,,,,Cordarrelle Patterson,Cordarrelle-Patterson,2022,RB,Atlanta Falcons,Home
3,9/25/2022,@Seahawks,W 27 - 23,17,141,8.3,40,1,1,12,12,12,0,,,Cordarrelle Patterson,Cordarrelle-Patterson,2022,RB,Atlanta Falcons,Away
2,9/18/2022,@Rams,L 27 - 31,10,41,4.1,11,0,0,0,,0,0,,,Cordarrelle Patterson,Cordarrelle-Patterson,2022,RB,Atlanta Falcons,Away
1,9/11/2022,Saints,L 26 - 27,22,120,5.4,15,1,3,16,5.3,10,0,,,Cordarrelle Patterson,Cordarrelle-Patterson,2022,RB,Atlanta Falcons,Home
18,1/8/2023,@Seahawks,L 16 - 19,21,104,5,32,0,3,24,8,13,0,,,Cam Akers,Cam-Akers,2022,RB,Los Angeles Rams,Away
17,1/1/2023,@Chargers,L 10 - 31,19,123,6.5,42,0,1,10,10,10,0,,,Cam Akers,Cam-Akers,2022,RB,Los Angeles Rams,Away
16,12/25/2022,Broncos,W 51 - 14,23,118,5.1,21,3,2,29,14.5,17,0,,,Cam Akers,Cam-Akers,2022,RB,Los Angeles Rams,Home
15,12/20/2022,@Packers,L 12 - 24,12,65,5.4,19,0,3,35,11.7,18,0,,,Cam Akers,Cam-Akers,2022,RB,Los Angeles Rams,Away
14,12/9/2022,Raiders,W 17 - 16,12,42,3.5,9,1,1,1,1,1,0,1,1,Cam Akers,Cam-Akers,2022,RB,Los Angeles Rams,Home
13,12/4/2022,Seahawks,L 23 - 27,17,60,3.5,13,2,1,0,0,0,0,,,Cam Akers,Cam-Akers,2022,RB,Los Angeles Rams,Home
12,11/27/2022,@Chiefs,L 10 - 26,8,37,4.6,15,0,,,,,,,,Cam Akers,Cam-Akers,2022,RB,Los Angeles Rams,Away
11,11/20/2022,@Saints,L 20 - 27,14,61,4.4,13,0,,,,,,,,Cam Akers,Cam-Akers,2022,RB,Los Angeles Rams,Away
10,11/13/2022,Cardinals,L 17 - 27,6,22,3.7,10,0,0,0,,0,0,,,Cam Akers,Cam-Akers,2022,RB,Los Angeles Rams,Home
9,11/6/2022,@Buccaneers,L 13 - 16,5,3,0.6,2,0,,,,,,,,Cam Akers,Cam-Akers,2022,RB,Los Angeles Rams,Away
8,10/30/2022,49ers,L 14 - 31,,,,,,,,,,,,,Cam Akers,Cam-Akers,2022,RB,Los Angeles Rams,Home
6,10/16/2022,Panthers,W 24 - 10,,,,,,,,,,,,,Cam Akers,Cam-Akers,2022,RB,Los Angeles Rams,Home
5,10/9/2022,Cowboys,L 10 - 22,13,33,2.5,13,0,0,0,,0,0,,,Cam Akers,Cam-Akers,2022,RB,Los Angeles Rams,Home
4,10/4/2022,@49ers,L 9 - 24,8,13,1.6,6,0,0,0,,0,0,,,Cam Akers,Cam-Akers,2022,RB,Los Angeles Rams,Away
3,9/25/2022,@Cardinals,W 20 - 12,12,61,5.1,14,1,,,,,,1,1,Cam Akers,Cam-Akers,2022,RB,Los Angeles Rams,Away
2,9/18/2022,Falcons,W 31 - 27,15,44,2.9,8,0,2,18,9,10,0,,,Cam Akers,Cam-Akers,2022,RB,Los Angeles Rams,Home
1,9/9/2022,Bills,L 10 - 31,3,0,0,0,0,,,,,,,,Cam Akers,Cam-Akers,2022,RB,Los Angeles Rams,Home
18,1/7/2023,@Raiders,W 31 - 13,8,64,8,31,1,,,,,,,,Isiah Pacheco,Isiah-Pacheco,2022,RB,Kansas City Chiefs,Away
17,1/1/2023,Broncos,W 27 - 24,9,31,3.4,6,1,2,18,9,9,0,,,Isiah Pacheco,Isiah-Pacheco,2022,RB,Kansas City Chiefs,Home
16,12/24/2022,Seahawks,W 24 - 10,14,58,4.1,8,0,1,32,32,32,0,,,Isiah Pacheco,Isiah-Pacheco,2022,RB,Kansas City Chiefs,Home
15,12/18/2022,@Texans,W 30 - 24,15,86,5.7,18,0,1,11,11,11,0,1,1,Isiah Pacheco,Isiah-Pacheco,2022,RB,Kansas City Chiefs,Away
14,12/11/2022,@Broncos,W 34 - 28,13,70,5.4,10,0,3,23,7.7,17,0,,,Isiah Pacheco,Isiah-Pacheco,2022,RB,Kansas City Chiefs,Away
13,12/4/2022,@Bengals,L 24 - 27,14,66,4.7,16,1,2,16,8,16,0,,,Isiah Pacheco,Isiah-Pacheco,2022,RB,Kansas City Chiefs,Away
12,11/27/2022,Rams,W 26 - 10,22,69,3.1,9,1,1,17,17,17,0,,,Isiah Pacheco,Isiah-Pacheco,2022,RB,Kansas City Chiefs,Home
11,11/21/2022,@Chargers,W 30 - 27,15,107,7.1,28,0,,,,,,,,Isiah Pacheco,Isiah-Pacheco,2022,RB,Kansas City Chiefs,Away
10,11/13/2022,Jaguars,W 27 - 17,16,82,5.1,13,0,,,,,,1,1,Isiah Pacheco,Isiah-Pacheco,2022,RB,Kansas City Chiefs,Home
9,11/7/2022,Titans,W 20 - 17,5,5,1,2,0,1,4,4,4,0,,,Isiah Pacheco,Isiah-Pacheco,2022,RB,Kansas City Chiefs,Home
7,10/23/2022,@49ers,W 44 - 23,8,43,5.4,17,0,,,,,,,,Isiah Pacheco,Isiah-Pacheco,2022,RB,Kansas City Chiefs,Away
6,10/16/2022,Bills,L 20 - 24,2,9,4.5,5,0,2,9,4.5,12,0,,,Isiah Pacheco,Isiah-Pacheco,2022,RB,Kansas City Chiefs,Home
5,10/11/2022,Raiders,W 30 - 29,1,0,0,0,0,,,,,,,,Isiah Pacheco,Isiah-Pacheco,2022,RB,Kansas City Chiefs,Home
4,10/3/2022,@Buccaneers,W 41 - 31,11,63,5.7,9,0,,,,,,,,Isiah Pacheco,Isiah-Pacheco,2022,RB,Kansas City Chiefs,Away
3,9/25/2022,@Colts,L 17 - 20,3,9,3,5,0,,,,,,1,0,Isiah Pacheco,Isiah-Pacheco,2022,RB,Kansas City Chiefs,Away
2,9/16/2022,Chargers,W 27 - 24,2,6,3,6,0,,,,,,,,Isiah Pacheco,Isiah-Pacheco,2022,RB,Kansas City Chiefs,Home
1,9/11/2022,@Cardinals,W 44 - 21,12,62,5.2,22,1,,,,,,1,0,Isiah Pacheco,Isiah-Pacheco,2022,RB,Kansas City Chiefs,Away
18,1/8/2023,@Saints,W 10 - 7,12,68,5.7,21,0,,,,,,,,D'Onta Foreman,D-Onta-Foreman,2022,RB,Chicago Bears,Away
17,1/1/2023,@Buccaneers,L 24 - 30,13,35,2.7,7,0,,,,,,,,D'Onta Foreman,D-Onta-Foreman,2022,RB,Chicago Bears,Away
16,12/24/2022,Lions,W 37 - 23,21,165,7.9,38,1,,,,,,,,D'Onta Foreman,D-Onta-Foreman,2022,RB,Chicago Bears,Home
15,12/18/2022,Steelers,L 16 - 24,10,9,0.9,5,0,,,,,,1,0,D'Onta Foreman,D-Onta-Foreman,2022,RB,Chicago Bears,Home
14,12/11/2022,@Seahawks,W 30 - 24,21,74,3.5,11,0,1,1,1,1,0,,,D'Onta Foreman,D-Onta-Foreman,2022,RB,Chicago Bears,Away
12,11/27/2022,Broncos,W 23 - 10,24,113,4.7,18,0,,,,,,,,D'Onta Foreman,D-Onta-Foreman,2022,RB,Chicago Bears,Home
11,11/20/2022,@Ravens,L 3 - 13,11,24,2.2,10,0,0,0,,0,0,,,D'Onta Foreman,D-Onta-Foreman,2022,RB,Chicago Bears,Away
10,11/11/2022,Falcons,W 25 - 15,31,130,4.2,23,1,0,0,,0,0,,,D'Onta Foreman,D-Onta-Foreman,2022,RB,Chicago Bears,Home
9,11/6/2022,@Bengals,L 21 - 42,7,23,3.3,6,0,2,-2,-1,2,0,,,D'Onta Foreman,D-Onta-Foreman,2022,RB,Chicago Bears,Away
8,10/30/2022,@Falcons,L 34 - 37,26,118,4.5,16,3,0,0,,0,0,,,D'Onta Foreman,D-Onta-Foreman,2022,RB,Chicago Bears,Away
7,10/23/2022,Buccaneers,W 21 - 3,15,118,7.9,60,0,2,27,13.5,23,0,,,D'Onta Foreman,D-Onta-Foreman,2022,RB,Chicago Bears,Home
6,10/16/2022,@Rams,L 10 - 24,5,19,3.8,8,0,,,,,,,,D'Onta Foreman,D-Onta-Foreman,2022,RB,Chicago Bears,Away
5,10/9/2022,49ers,L 15 - 37,2,2,1,5,0,,,,,,,,D'Onta Foreman,D-Onta-Foreman,2022,RB,Chicago Bears,Home
4,10/2/2022,Cardinals,L 16 - 26,1,2,2,2,0,,,,,,,,D'Onta Foreman,D-Onta-Foreman,2022,RB,Chicago Bears,Home
3,9/25/2022,Saints,W 22 - 14,,,,,,,,,,,,,D'Onta Foreman,D-Onta-Foreman,2022,RB,Chicago Bears,Home
2,9/18/2022,@Giants,L 16 - 19,2,9,4.5,7,0,,,,,,,,D'Onta Foreman,D-Onta-Foreman,2022,RB,Chicago Bears,Away
1,9/11/2022,Browns,L 24 - 26,2,5,2.5,4,0,,,,,,,,D'Onta Foreman,D-Onta-Foreman,2022,RB,Chicago Bears,Home
15,12/17/2022,@Vikings,L 36 - 39,,,,,,1,13,13,13,0,,,Jonathan Taylor,Jonathan-Taylor,2022,RB,Indianapolis Colts,Away
13,12/5/2022,@Cowboys,L 19 - 54,21,82,3.9,19,0,3,21,7,19,0,,,Jonathan Taylor,Jonathan-Taylor,2022,RB,Indianapolis Colts,Away
12,11/29/2022,Steelers,L 17 - 24,20,86,4.3,13,1,3,12,4,9,0,,,Jonathan Taylor,Jonathan-Taylor,2022,RB,Indianapolis Colts,Home
11,11/20/2022,Eagles,L 16 - 17,22,84,3.8,28,1,3,10,3.3,9,0,1,1,Jonathan Taylor,Jonathan-Taylor,2022,RB,Indianapolis Colts,Home
10,11/13/2022,@Raiders,W 25 - 20,22,147,6.7,66,1,2,16,8,12,0,,,Jonathan Taylor,Jonathan-Taylor,2022,RB,Indianapolis Colts,Away
9,11/6/2022,@Patriots,L 3 - 26,,,,,,,,,,,,,Jonathan Taylor,Jonathan-Taylor,2022,RB,Indianapolis Colts,Away
8,10/30/2022,Commanders,L 16 - 17,16,76,4.8,27,0,0,0,,0,0,1,1,Jonathan Taylor,Jonathan-Taylor,2022,RB,Indianapolis Colts,Home
7,10/23/2022,@Titans,L 10 - 19,10,58,5.8,14,0,7,27,3.9,9,0,,,Jonathan Taylor,Jonathan-Taylor,2022,RB,Indianapolis Colts,Away
6,10/16/2022,Jaguars,W 34 - 27,,,,,,,,,,,,,Jonathan Taylor,Jonathan-Taylor,2022,RB,Indianapolis Colts,Home
5,10/7/2022,@Broncos,W 12 - 9,,,,,,,,,,,,,Jonathan Taylor,Jonathan-Taylor,2022,RB,Indianapolis Colts,Away
4,10/2/2022,Titans,L 17 - 24,20,42,2.1,11,0,1,1,1,1,0,1,1,Jonathan Taylor,Jonathan-Taylor,2022,RB,Indianapolis Colts,Home
3,9/25/2022,Chiefs,W 20 - 17,21,71,3.4,13,0,3,20,6.7,9,0,0,0,Jonathan Taylor,Jonathan-Taylor,2022,RB,Indianapolis Colts,Home
2,9/18/2022,@Jaguars,L 0 - 24,9,54,6,21,0,1,9,9,9,0,,,Jonathan Taylor,Jonathan-Taylor,2022,RB,Indianapolis Colts,Away
1,9/11/2022,@Texans,T 20 - 20,31,161,5.2,17,1,4,14,3.5,5,0,,,Jonathan Taylor,Jonathan-Taylor,2022,RB,Indianapolis Colts,Away
18,1/8/2023,Ravens,W 27 - 16,6,18,3,6,0,1,4,4,4,0,,,Samaje Perine,Samaje-Perine,2022,RB,Denver Broncos,Home
16,12/24/2022,@Patriots,W 22 - 18,4,3,0.8,3,0,3,19,6.3,10,0,,,Samaje Perine,Samaje-Perine,2022,RB,Denver Broncos,Away
15,12/18/2022,@Buccaneers,W 34 - 23,7,24,3.4,9,0,1,0,0,0,0,,,Samaje Perine,Samaje-Perine,2022,RB,Denver Broncos,Away
14,12/11/2022,Browns,W 23 - 10,4,22,5.5,14,1,1,2,2,2,0,,,Samaje Perine,Samaje-Perine,2022,RB,Denver Broncos,Home
13,12/4/2022,Chiefs,W 27 - 24,21,106,5,10,0,6,49,8.2,16,0,,,Samaje Perine,Samaje-Perine,2022,RB,Denver Broncos,Home
12,11/27/2022,@Titans,W 20 - 16,17,58,3.4,9,1,4,35,8.8,32,0,,,Samaje Perine,Samaje-Perine,2022,RB,Denver Broncos,Away
11,11/20/2022,@Steelers,W 37 - 30,11,30,2.7,8,0,4,52,13,29,3,,,Samaje Perine,Samaje-Perine,2022,RB,Denver Broncos,Away
9,11/6/2022,Panthers,W 42 - 21,6,51,8.5,29,0,1,3,3,3,0,,,Samaje Perine,Samaje-Perine,2022,RB,Denver Broncos,Home
8,11/1/2022,@Browns,L 13 - 32,1,7,7,7,0,3,10,3.3,6,0,,,Samaje Perine,Samaje-Perine,2022,RB,Denver Broncos,Away
7,10/23/2022,Falcons,W 35 - 17,1,0,0,0,0,2,8,4,6,0,,,Samaje Perine,Samaje-Perine,2022,RB,Denver Broncos,Home
6,10/16/2022,@Saints,W 30 - 26,2,5,2.5,5,0,2,11,5.5,9,0,,,Samaje Perine,Samaje-Perine,2022,RB,Denver Broncos,Away
5,10/10/2022,@Ravens,L 17 - 19,3,17,5.7,9,0,4,39,9.8,15,0,,,Samaje Perine,Samaje-Perine,2022,RB,Denver Broncos,Away
4,9/30/2022,Dolphins,W 27 - 15,1,0,0,0,0,0,0,,0,0,,,Samaje Perine,Samaje-Perine,2022,RB,Denver Broncos,Home
3,9/25/2022,@Jets,W 27 - 12,9,47,5.2,7,0,2,14,7,12,1,,,Samaje Perine,Samaje-Perine,2022,RB,Denver Broncos,Away
2,9/18/2022,@Cowboys,L 17 - 20,1,2,2,2,0,1,8,8,8,0,,,Samaje Perine,Samaje-Perine,2022,RB,Denver Broncos,Away
1,9/11/2022,Steelers,L 20 - 23,1,4,4,4,0,3,33,11,14,0,0,0,Samaje Perine,Samaje-Perine,2022,RB,Denver Broncos,Home
18,1/8/2023,Vikings,L 13 - 29,10,50,5,13,0,1,-1,-1,0,0,,,Khalil Herbert,Khalil-Herbert,2022,RB,Chicago Bears,Home
17,1/1/2023,@Lions,L 10 - 41,5,31,6.2,15,0,,,,,,,,Khalil Herbert,Khalil-Herbert,2022,RB,Chicago Bears,Away
16,12/24/2022,Bills,L 13 - 35,6,7,1.2,5,0,2,-4,-2,0,0,,,Khalil Herbert,Khalil-Herbert,2022,RB,Chicago Bears,Home
10,11/13/2022,Lions,L 30 - 31,10,57,5.7,12,0,,,,,,,,Khalil Herbert,Khalil-Herbert,2022,RB,Chicago Bears,Home
9,11/6/2022,Dolphins,L 32 - 35,7,23,3.3,5,0,,,,,,,,Khalil Herbert,Khalil-Herbert,2022,RB,Chicago Bears,Home
8,10/30/2022,@Cowboys,L 29 - 49,16,99,6.2,36,1,,,,,,,,Khalil Herbert,Khalil-Herbert,2022,RB,Chicago Bears,Away
7,10/25/2022,@Patriots,W 33 - 14,12,62,5.2,13,0,1,25,25,25,1,,,Khalil Herbert,Khalil-Herbert,2022,RB,Chicago Bears,Away
6,10/14/2022,Commanders,L 7 - 12,7,74,10.6,63,0,,,,,,,,Khalil Herbert,Khalil-Herbert,2022,RB,Chicago Bears,Home
5,10/9/2022,@Vikings,L 22 - 29,4,11,2.8,7,0,,,,,,,,Khalil Herbert,Khalil-Herbert,2022,RB,Chicago Bears,Away
4,10/2/2022,@Giants,L 12 - 20,19,77,4,15,0,1,24,24,24,0,,,Khalil Herbert,Khalil-Herbert,2022,RB,Chicago Bears,Away
3,9/25/2022,Texans,W 23 - 20,20,157,7.8,52,2,2,12,6,7,0,,,Khalil Herbert,Khalil-Herbert,2022,RB,Chicago Bears,Home
2,9/19/2022,@Packers,L 10 - 27,4,38,9.5,27,0,1,3,3,3,0,,,Khalil Herbert,Khalil-Herbert,2022,RB,Chicago Bears,Away
1,9/11/2022,49ers,W 19 - 10,9,45,5,12,1,1,-2,-2,-2,0,,,Khalil Herbert,Khalil-Herbert,2022,RB,Chicago Bears,Home
7,10/23/2022,@Broncos,W 16 - 9,4,72,18,62,1,,,,,,,,Breece Hall,Breece-Hall,2022,RB,New York Jets,Away
6,10/16/2022,@Packers,W 27 - 10,20,116,5.8,34,1,2,5,2.5,3,0,,,Breece Hall,Breece-Hall,2022,RB,New York Jets,Away
5,10/9/2022,Dolphins,W 40 - 17,18,97,5.4,17,1,2,100,50,79,0,,,Breece Hall,Breece-Hall,2022,RB,New York Jets,Home
4,10/2/2022,@Steelers,W 24 - 20,17,66,3.9,16,1,2,12,6,6,0,,,Breece Hall,Breece-Hall,2022,RB,New York Jets,Away
3,9/25/2022,Bengals,L 12 - 27,8,39,4.9,16,0,6,53,8.8,18,0,,,Breece Hall,Breece-Hall,2022,RB,New York Jets,Home
2,9/18/2022,@Browns,W 31 - 30,7,50,7.1,23,0,1,10,10,10,1,,,Breece Hall,Breece-Hall,2022,RB,New York Jets,Away
1,9/11/2022,Ravens,L 9 - 24,6,23,3.8,14,0,6,38,6.3,16,0,1,1,Breece Hall,Breece-Hall,2022,RB,New York Jets,Home
18,1/8/2023,@Falcons,L 17 - 30,4,15,3.8,6,0,,,,,,,,Rachaad White,Rachaad-White,2022,RB,Tampa Bay Buccaneers,Away
17,1/1/2023,Panthers,W 30 - 24,11,22,2,7,0,5,26,5.2,11,0,,,Rachaad White,Rachaad-White,2022,RB,Tampa Bay Buccaneers,Home
16,12/26/2022,@Cardinals,W 19 - 16,7,36,5.1,18,0,4,17,4.2,8,1,,,Rachaad White,Rachaad-White,2022,RB,Tampa Bay Buccaneers,Away
15,12/18/2022,Bengals,L 23 - 34,11,38,3.4,7,0,1,5,5,5,0,,,Rachaad White,Rachaad-White,2022,RB,Tampa Bay Buccaneers,Home
14,12/11/2022,@49ers,L 7 - 35,13,56,4.3,9,0,5,21,4.2,6,0,1,1,Rachaad White,Rachaad-White,2022,RB,Tampa Bay Buccaneers,Away
13,12/6/2022,Saints,W 17 - 16,9,28,3.1,6,0,6,41,6.8,12,1,1,1,Rachaad White,Rachaad-White,2022,RB,Tampa Bay Buccaneers,Home
12,11/27/2022,@Browns,L 17 - 23,14,64,4.6,35,0,9,45,5,8,0,,,Rachaad White,Rachaad-White,2022,RB,Tampa Bay Buccaneers,Away
10,11/13/2022,Seahawks,W 21 - 16,22,105,4.8,29,0,,,,,,,,Rachaad White,Rachaad-White,2022,RB,Tampa Bay Buccaneers,Home
9,11/6/2022,Rams,W 16 - 13,8,27,3.4,7,0,3,7,2.3,6,0,,,Rachaad White,Rachaad-White,2022,RB,Tampa Bay Buccaneers,Home
8,10/28/2022,Ravens,L 22 - 27,4,19,4.8,8,0,3,24,8,20,0,,,Rachaad White,Rachaad-White,2022,RB,Tampa Bay Buccaneers,Home
7,10/23/2022,@Panthers,L 3 - 21,6,24,4,11,0,1,8,8,8,0,,,Rachaad White,Rachaad-White,2022,RB,Tampa Bay Buccaneers,Away
6,10/16/2022,@Steelers,L 18 - 20,4,12,3,8,0,3,11,3.7,6,0,,,Rachaad White,Rachaad-White,2022,RB,Tampa Bay Buccaneers,Away
5,10/9/2022,Falcons,W 21 - 15,5,14,2.8,7,0,3,28,9.3,12,0,,,Rachaad White,Rachaad-White,2022,RB,Tampa Bay Buccaneers,Home
4,10/3/2022,Chiefs,L 31 - 41,3,6,2,4,1,5,50,10,11,0,1,1,Rachaad White,Rachaad-White,2022,RB,Tampa Bay Buccaneers,Home
3,9/25/2022,Packers,L 12 - 14,,,,,,,,,,,,,Rachaad White,Rachaad-White,2022,RB,Tampa Bay Buccaneers,Home
2,9/18/2022,@Saints,W 20 - 10,2,1,0.5,2,0,0,0,,0,0,,,Rachaad White,Rachaad-White,2022,RB,Tampa Bay Buccaneers,Away
1,9/12/2022,@Cowboys,W 19 - 3,6,14,2.3,5,0,2,7,3.5,7,0,,,Rachaad White,Rachaad-White,2022,RB,Tampa Bay Buccaneers,Away
18,1/8/2023,Cowboys,W 26 - 6,,,,,,,,,,,,,Brian Robinson,Brian-Robinson,2022,RB,Washington Commanders,Home
17,1/1/2023,Browns,L 10 - 24,24,87,3.6,14,0,0,0,,0,0,,,Brian Robinson,Brian-Robinson,2022,RB,Washington Commanders,Home
16,12/24/2022,@49ers,L 20 - 37,22,58,2.6,10,0,0,0,,0,0,,,Brian Robinson,Brian-Robinson,2022,RB,Washington Commanders,Away
15,12/19/2022,Giants,L 12 - 20,12,89,7.4,19,0,1,18,18,18,0,1,0,Brian Robinson,Brian-Robinson,2022,RB,Washington Commanders,Home
13,12/4/2022,@Giants,T 20 - 20,21,96,4.6,16,0,2,15,7.5,10,0,1,0,Brian Robinson,Brian-Robinson,2022,RB,Washington Commanders,Away
12,11/27/2022,Falcons,W 19 - 13,18,105,5.8,21,0,2,20,10,14,1,,,Brian Robinson,Brian-Robinson,2022,RB,Washington Commanders,Home
11,11/20/2022,@Texans,W 23 - 10,15,57,3.8,14,0,,,,,,,,Brian Robinson,Brian-Robinson,2022,RB,Washington Commanders,Away
10,11/15/2022,@Eagles,W 32 - 21,26,86,3.3,11,1,,,,,,,,Brian Robinson,Brian-Robinson,2022,RB,Washington Commanders,Away
9,11/6/2022,Vikings,L 17 - 20,13,44,3.4,6,0,2,-6,-3,-2,0,,,Brian Robinson,Brian-Robinson,2022,RB,Washington Commanders,Home
8,10/30/2022,@Colts,W 17 - 16,8,20,2.5,7,0,,,,,,,,Brian Robinson,Brian-Robinson,2022,RB,Washington Commanders,Away
7,10/23/2022,Packers,W 23 - 21,20,73,3.6,24,0,2,13,6.5,7,0,,,Brian Robinson,Brian-Robinson,2022,RB,Washington Commanders,Home
6,10/14/2022,@Bears,W 12 - 7,17,60,3.5,16,1,,,,,,,,Brian Robinson,Brian-Robinson,2022,RB,Washington Commanders,Away
5,10/9/2022,Titans,L 17 - 21,9,22,2.4,6,0,,,,,,,,Brian Robinson,Brian-Robinson,2022,RB,Washington Commanders,Home
18,1/8/2023,@Steelers,L 14 - 28,4,13,3.2,5,0,3,15,5,14,0,,,Kareem Hunt,Kareem-Hunt,2022,RB,None,Away
17,1/1/2023,@Commanders,W 24 - 10,2,0,0,4,0,1,-1,-1,-1,0,,,Kareem Hunt,Kareem-Hunt,2022,RB,None,Away
16,12/24/2022,Saints,L 10 - 17,7,8,1.1,4,0,3,14,4.7,15,0,,,Kareem Hunt,Kareem-Hunt,2022,RB,None,Home
15,12/17/2022,Ravens,W 13 - 3,4,24,6,9,0,1,3,3,3,0,,,Kareem Hunt,Kareem-Hunt,2022,RB,None,Home
14,12/11/2022,@Bengals,L 10 - 23,4,6,1.5,4,0,2,6,3,4,0,,,Kareem Hunt,Kareem-Hunt,2022,RB,None,Away
13,12/4/2022,@Texans,W 27 - 14,9,56,6.2,15,0,2,18,9,11,0,1,0,Kareem Hunt,Kareem-Hunt,2022,RB,None,Away
12,11/27/2022,Buccaneers,W 23 - 17,5,15,3,9,0,1,6,6,6,0,,,Kareem Hunt,Kareem-Hunt,2022,RB,None,Home
11,11/20/2022,@Bills,L 23 - 31,5,32,6.4,11,0,2,22,11,12,0,,,Kareem Hunt,Kareem-Hunt,2022,RB,None,Away
10,11/13/2022,@Dolphins,L 17 - 39,6,9,1.5,7,0,1,10,10,10,0,,,Kareem Hunt,Kareem-Hunt,2022,RB,None,Away
8,11/1/2022,Bengals,W 32 - 13,11,42,3.8,15,0,4,30,7.5,12,0,,,Kareem Hunt,Kareem-Hunt,2022,RB,None,Home
7,10/23/2022,@Ravens,L 20 - 23,5,4,0.8,6,1,1,4,4,4,0,,,Kareem Hunt,Kareem-Hunt,2022,RB,None,Away
6,10/16/2022,Patriots,L 15 - 38,4,12,3,9,0,0,0,,0,0,,,Kareem Hunt,Kareem-Hunt,2022,RB,None,Home
5,10/9/2022,Chargers,L 28 - 30,11,47,4.3,17,1,3,10,3.3,6,0,,,Kareem Hunt,Kareem-Hunt,2022,RB,None,Home
4,10/2/2022,@Falcons,L 20 - 23,10,49,4.9,20,0,2,19,9.5,11,0,,,Kareem Hunt,Kareem-Hunt,2022,RB,None,Away
3,9/23/2022,Steelers,W 29 - 17,12,47,3.9,11,0,3,14,4.7,11,0,,,Kareem Hunt,Kareem-Hunt,2022,RB,None,Home
2,9/18/2022,Jets,L 30 - 31,13,58,4.5,13,0,2,16,8,11,0,,,Kareem Hunt,Kareem-Hunt,2022,RB,None,Home
1,9/11/2022,@Panthers,W 26 - 24,11,46,4.2,24,1,4,24,6,24,1,,,Kareem Hunt,Kareem-Hunt,2022,RB,None,Away
18,1/8/2023,@Dolphins,L 6 - 11,3,4,1.3,2,0,2,1,0.5,6,0,,,Michael Carter,Michael-Carter-3,2022,RB,New York Jets,Away
17,1/1/2023,@Seahawks,L 6 - 23,1,2,2,2,0,2,3,1.5,4,0,,,Michael Carter,Michael-Carter-3,2022,RB,New York Jets,Away
16,12/23/2022,Jaguars,L 3 - 19,2,6,3,3,0,5,44,8.8,12,0,,,Michael Carter,Michael-Carter-3,2022,RB,New York Jets,Home
15,12/18/2022,Lions,L 17 - 20,4,15,3.8,6,0,1,16,16,16,0,,,Michael Carter,Michael-Carter-3,2022,RB,New York Jets,Home
14,12/11/2022,@Bills,L 12 - 20,5,5,1,5,0,3,15,5,7,0,1,1,Michael Carter,Michael-Carter-3,2022,RB,New York Jets,Away
13,12/4/2022,@Vikings,L 22 - 27,,,,,,,,,,,,,Michael Carter,Michael-Carter-3,2022,RB,New York Jets,Away
12,11/27/2022,Bears,W 31 - 10,6,21,3.5,6,0,2,15,7.5,9,0,,,Michael Carter,Michael-Carter-3,2022,RB,New York Jets,Home
11,11/20/2022,@Patriots,L 3 - 10,8,19,2.4,8,0,1,-2,-2,0,0,,,Michael Carter,Michael-Carter-3,2022,RB,New York Jets,Away
9,11/6/2022,Bills,W 20 - 17,12,76,6.3,25,1,1,10,10,10,0,,,Michael Carter,Michael-Carter-3,2022,RB,New York Jets,Home
8,10/30/2022,Patriots,L 17 - 22,7,26,3.7,11,0,4,35,8.8,17,0,,,Michael Carter,Michael-Carter-3,2022,RB,New York Jets,Home
7,10/23/2022,@Broncos,W 16 - 9,13,29,2.2,5,0,2,45,22.5,37,0,,,Michael Carter,Michael-Carter-3,2022,RB,New York Jets,Away
6,10/16/2022,@Packers,W 27 - 10,6,41,6.8,25,0,1,6,6,6,0,,,Michael Carter,Michael-Carter-3,2022,RB,New York Jets,Away
5,10/9/2022,Dolphins,W 40 - 17,10,21,2.1,8,2,2,12,6,6,0,,,Michael Carter,Michael-Carter-3,2022,RB,New York Jets,Home
4,10/2/2022,@Steelers,W 24 - 20,9,15,1.7,5,0,2,14,7,11,0,1,0,Michael Carter,Michael-Carter-3,2022,RB,New York Jets,Away
3,9/25/2022,Bengals,L 12 - 27,11,39,3.6,9,0,1,7,7,7,0,,,Michael Carter,Michael-Carter-3,2022,RB,New York Jets,Home
2,9/18/2022,@Browns,W 31 - 30,7,23,3.3,8,0,5,27,5.4,12,0,,,Michael Carter,Michael-Carter-3,2022,RB,New York Jets,Away
1,9/11/2022,Ravens,L 9 - 24,10,60,6,22,0,7,40,5.7,11,0,,,Michael Carter,Michael-Carter-3,2022,RB,New York Jets,Home
18,1/8/2023,Patriots,W 35 - 23,9,45,5,10,0,2,6,3,4,0,,,James Cook,James-Cook-2,2022,RB,Buffalo Bills,Home
16,12/24/2022,@Bears,W 35 - 13,11,99,9,27,1,1,9,9,9,0,,,James Cook,James-Cook-2,2022,RB,Buffalo Bills,Away
15,12/18/2022,Dolphins,W 32 - 29,5,34,6.8,16,0,2,5,2.5,4,1,,,James Cook,James-Cook-2,2022,RB,Buffalo Bills,Home
14,12/11/2022,Jets,W 20 - 12,4,6,1.5,4,0,1,9,9,9,0,,,James Cook,James-Cook-2,2022,RB,Buffalo Bills,Home
13,12/2/2022,@Patriots,W 24 - 10,14,64,4.6,28,0,6,41,6.8,14,0,,,James Cook,James-Cook-2,2022,RB,Buffalo Bills,Away
12,11/24/2022,@Lions,W 28 - 25,2,4,2,5,0,2,14,7,8,0,,,James Cook,James-Cook-2,2022,RB,Buffalo Bills,Away
11,11/20/2022,Browns,W 31 - 23,11,86,7.8,29,0,0,0,,0,0,,,James Cook,James-Cook-2,2022,RB,Buffalo Bills,Home
10,11/13/2022,Vikings,L 30 - 33,5,22,4.4,8,0,,,,,,,,James Cook,James-Cook-2,2022,RB,Buffalo Bills,Home
9,11/6/2022,@Jets,L 17 - 20,4,15,3.8,6,0,2,18,9,10,0,,,James Cook,James-Cook-2,2022,RB,Buffalo Bills,Away
8,10/31/2022,Packers,W 27 - 17,5,35,7,17,0,1,41,41,41,0,,,James Cook,James-Cook-2,2022,RB,Buffalo Bills,Home
6,10/16/2022,@Chiefs,W 24 - 20,2,8,4,4,0,,,,,,,,James Cook,James-Cook-2,2022,RB,Buffalo Bills,Away
5,10/9/2022,Steelers,W 38 - 3,4,31,7.8,24,1,,,,,,,,James Cook,James-Cook-2,2022,RB,Buffalo Bills,Home
4,10/2/2022,@Ravens,W 23 - 20,,,,,,0,0,,0,0,,,James Cook,James-Cook-2,2022,RB,Buffalo Bills,Away
3,9/25/2022,@Dolphins,L 19 - 21,1,3,3,3,0,4,37,9.2,11,0,,,James Cook,James-Cook-2,2022,RB,Buffalo Bills,Away
2,9/19/2022,Titans,W 41 - 7,11,53,4.8,33,0,0,0,,0,0,,,James Cook,James-Cook-2,2022,RB,Buffalo Bills,Home
1,9/9/2022,@Rams,W 31 - 10,1,2,2,2,0,,,,,,1,1,James Cook,James-Cook-2,2022,RB,Buffalo Bills,Away
11,11/21/2022,@Chargers,W 30 - 27,2,9,4.5,6,0,,,,,,,,Clyde Edwards-Helaire,Clyde-Edwards-Helaire,2022,RB,Kansas City Chiefs,Away
10,11/13/2022,Jaguars,W 27 - 17,,,,,,0,0,,0,0,,,Clyde Edwards-Helaire,Clyde-Edwards-Helaire,2022,RB,Kansas City Chiefs,Home
9,11/7/2022,Titans,W 20 - 17,4,5,1.2,3,0,1,14,14,14,0,,,Clyde Edwards-Helaire,Clyde-Edwards-Helaire,2022,RB,Kansas City Chiefs,Home
7,10/23/2022,@49ers,W 44 - 23,6,32,5.3,16,1,0,0,,0,0,,,Clyde Edwards-Helaire,Clyde-Edwards-Helaire,2022,RB,Kansas City Chiefs,Away
6,10/16/2022,Bills,L 20 - 24,9,33,3.7,11,0,,,,,,,,Clyde Edwards-Helaire,Clyde-Edwards-Helaire,2022,RB,Kansas City Chiefs,Home
5,10/11/2022,Raiders,W 30 - 29,9,15,1.7,8,0,3,20,6.7,10,0,,,Clyde Edwards-Helaire,Clyde-Edwards-Helaire,2022,RB,Kansas City Chiefs,Home
4,10/3/2022,@Buccaneers,W 41 - 31,19,92,4.8,20,1,1,2,2,2,1,,,Clyde Edwards-Helaire,Clyde-Edwards-Helaire,2022,RB,Kansas City Chiefs,Away
3,9/25/2022,@Colts,L 17 - 20,7,0,0,4,1,5,39,7.8,16,0,,,Clyde Edwards-Helaire,Clyde-Edwards-Helaire,2022,RB,Kansas City Chiefs,Away
2,9/16/2022,Chargers,W 27 - 24,8,74,9.2,52,0,4,44,11,21,0,,,Clyde Edwards-Helaire,Clyde-Edwards-Helaire,2022,RB,Kansas City Chiefs,Home
1,9/11/2022,@Cardinals,W 44 - 21,7,42,6,18,0,3,32,10.7,25,2,0,0,Clyde Edwards-Helaire,Clyde-Edwards-Helaire,2022,RB,Kansas City Chiefs,Away
18,1/8/2023,@Bengals,L 16 - 27,16,60,3.8,18,1,2,19,9.5,10,0,,,Kenyan Drake,Kenyan-Drake,2022,RB,Indianapolis Colts,Away
17,1/2/2023,Steelers,L 13 - 16,,,,,,,,,,,,,Kenyan Drake,Kenyan-Drake,2022,RB,Indianapolis Colts,Home
16,12/24/2022,Falcons,W 17 - 9,,,,,,,,,,,,,Kenyan Drake,Kenyan-Drake,2022,RB,Indianapolis Colts,Home
15,12/17/2022,@Browns,L 3 - 13,,,,,,,,,,,,,Kenyan Drake,Kenyan-Drake,2022,RB,Indianapolis Colts,Away
14,12/11/2022,@Steelers,W 16 - 14,1,1,1,1,0,2,1,0.5,1,0,1,0,Kenyan Drake,Kenyan-Drake,2022,RB,Indianapolis Colts,Away
13,12/4/2022,Broncos,W 10 - 9,7,29,4.1,12,0,2,17,8.5,13,0,,,Kenyan Drake,Kenyan-Drake,2022,RB,Indianapolis Colts,Home
12,11/27/2022,@Jaguars,L 27 - 28,2,2,1,6,0,0,0,,0,0,,,Kenyan Drake,Kenyan-Drake,2022,RB,Indianapolis Colts,Away
11,11/20/2022,Panthers,W 13 - 3,10,46,4.6,29,0,2,7,3.5,5,0,,,Kenyan Drake,Kenyan-Drake,2022,RB,Indianapolis Colts,Home
9,11/8/2022,@Saints,W 27 - 13,24,93,3.9,18,2,2,16,8,11,0,,,Kenyan Drake,Kenyan-Drake,2022,RB,Indianapolis Colts,Away
8,10/28/2022,@Buccaneers,W 27 - 22,7,62,8.9,40,0,4,5,1.2,5,1,,,Kenyan Drake,Kenyan-Drake,2022,RB,Indianapolis Colts,Away
7,10/23/2022,Browns,W 23 - 20,11,5,0.4,4,0,0,0,,0,0,,,Kenyan Drake,Kenyan-Drake,2022,RB,Indianapolis Colts,Home
6,10/16/2022,@Giants,L 20 - 24,10,119,11.9,30,1,1,8,8,8,0,,,Kenyan Drake,Kenyan-Drake,2022,RB,Indianapolis Colts,Away
5,10/10/2022,Bengals,W 19 - 17,4,26,6.5,14,0,1,1,1,1,0,,,Kenyan Drake,Kenyan-Drake,2022,RB,Indianapolis Colts,Home
4,10/2/2022,Bills,L 20 - 23,,,,,,,,,,,,,Kenyan Drake,Kenyan-Drake,2022,RB,Indianapolis Colts,Home
3,9/25/2022,@Patriots,W 37 - 26,,,,,,,,,,,,,Kenyan Drake,Kenyan-Drake,2022,RB,Indianapolis Colts,Away
2,9/18/2022,Dolphins,L 38 - 42,6,8,1.3,6,0,,,,,,,,Kenyan Drake,Kenyan-Drake,2022,RB,Indianapolis Colts,Home
1,9/11/2022,@Jets,W 24 - 9,11,31,2.8,8,0,1,15,15,15,0,,,Kenyan Drake,Kenyan-Drake,2022,RB,Indianapolis Colts,Away
18,1/8/2023,@Saints,W 10 - 7,21,69,3.3,8,0,0,0,,0,0,,,Chuba Hubbard,Chuba-Hubbard,2022,RB,Carolina Panthers,Away
17,1/1/2023,@Buccaneers,L 24 - 30,3,12,4,7,0,3,53,17.7,24,0,1,0,Chuba Hubbard,Chuba-Hubbard,2022,RB,Carolina Panthers,Away
16,12/24/2022,Lions,W 37 - 23,12,125,10.4,35,0,,,,,,,,Chuba Hubbard,Chuba-Hubbard,2022,RB,Carolina Panthers,Home
15,12/18/2022,Steelers,L 16 - 24,4,10,2.5,3,0,3,57,19,45,0,,,Chuba Hubbard,Chuba-Hubbard,2022,RB,Carolina Panthers,Home
14,12/11/2022,@Seahawks,W 30 - 24,14,74,5.3,12,1,3,25,8.3,17,0,,,Chuba Hubbard,Chuba-Hubbard,2022,RB,Carolina Panthers,Away
12,11/27/2022,Broncos,W 23 - 10,17,65,3.8,12,0,,,,,,,,Chuba Hubbard,Chuba-Hubbard,2022,RB,Carolina Panthers,Home
11,11/20/2022,@Ravens,L 3 - 13,4,0,0,2,0,2,25,12.5,15,0,,,Chuba Hubbard,Chuba-Hubbard,2022,RB,Carolina Panthers,Away
10,11/11/2022,Falcons,W 25 - 15,5,14,2.8,5,0,,,,,,,,Chuba Hubbard,Chuba-Hubbard,2022,RB,Carolina Panthers,Home
9,11/6/2022,@Bengals,L 21 - 42,,,,,,,,,,,,,Chuba Hubbard,Chuba-Hubbard,2022,RB,Carolina Panthers,Away
8,10/30/2022,@Falcons,L 34 - 37,,,,,,,,,,,,,Chuba Hubbard,Chuba-Hubbard,2022,RB,Carolina Panthers,Away
7,10/23/2022,Buccaneers,W 21 - 3,9,63,7,17,1,2,10,5,7,0,,,Chuba Hubbard,Chuba-Hubbard,2022,RB,Carolina Panthers,Home
6,10/16/2022,@Rams,L 10 - 24,2,6,3,4,0,1,1,1,1,0,,,Chuba Hubbard,Chuba-Hubbard,2022,RB,Carolina Panthers,Away
5,10/9/2022,49ers,L 15 - 37,,,,,,,,,,,,,Chuba Hubbard,Chuba-Hubbard,2022,RB,Carolina Panthers,Home
4,10/2/2022,Cardinals,L 16 - 26,,,,,,,,,,,,,Chuba Hubbard,Chuba-Hubbard,2022,RB,Carolina Panthers,Home
3,9/25/2022,Saints,W 22 - 14,3,25,8.3,14,0,,,,,,,,Chuba Hubbard,Chuba-Hubbard,2022,RB,Carolina Panthers,Home
2,9/18/2022,@Giants,L 16 - 19,,,,,,,,,,,1,1,Chuba Hubbard,Chuba-Hubbard,2022,RB,Carolina Panthers,Away
1,9/11/2022,Browns,L 24 - 26,1,3,3,3,0,,,,,,,,Chuba Hubbard,Chuba-Hubbard,2022,RB,Carolina Panthers,Home
18,1/8/2023,@Dolphins,L 6 - 11,,,,,,,,,,,,,James Robinson,James-Robinson-3,2022,RB,New York Giants,Away
17,1/1/2023,@Seahawks,L 6 - 23,,,,,,,,,,,,,James Robinson,James-Robinson-3,2022,RB,New York Giants,Away
16,12/23/2022,Jaguars,L 3 - 19,,,,,,,,,,,,,James Robinson,James-Robinson-3,2022,RB,New York Giants,Home
15,12/18/2022,Lions,L 17 - 20,,,,,,,,,,,,,James Robinson,James-Robinson-3,2022,RB,New York Giants,Home
14,12/11/2022,@Bills,L 12 - 20,,,,,,,,,,,,,James Robinson,James-Robinson-3,2022,RB,New York Giants,Away
13,12/4/2022,@Vikings,L 22 - 27,4,10,2.5,4,0,,,,,,,,James Robinson,James-Robinson-3,2022,RB,New York Giants,Away
12,11/27/2022,Bears,W 31 - 10,,,,,,,,,,,,,James Robinson,James-Robinson-3,2022,RB,New York Giants,Home
11,11/20/2022,@Patriots,L 3 - 10,7,10,1.4,5,0,,,,,,,,James Robinson,James-Robinson-3,2022,RB,New York Giants,Away
9,11/6/2022,Bills,W 20 - 17,13,48,3.7,16,0,2,5,2.5,7,1,,,James Robinson,James-Robinson-3,2022,RB,New York Giants,Home
8,10/30/2022,Patriots,L 17 - 22,5,17,3.4,7,0,0,0,,0,0,,,James Robinson,James-Robinson-3,2022,RB,New York Giants,Home
7,10/23/2022,Giants,L 17 - 23,,,,,,0,0,,0,0,,,James Robinson,James-Robinson-3,2022,RB,New York Giants,Home
6,10/16/2022,@Colts,L 27 - 34,12,54,4.5,14,0,1,1,1,1,0,,,James Robinson,James-Robinson-3,2022,RB,New York Giants,Away
5,10/9/2022,Texans,L 6 - 13,10,27,2.7,9,0,2,12,6,10,0,,,James Robinson,James-Robinson-3,2022,RB,New York Giants,Home
4,10/2/2022,@Eagles,L 21 - 29,8,29,3.6,9,0,,,,,,1,0,James Robinson,James-Robinson-3,2022,RB,New York Giants,Away
3,9/25/2022,@Chargers,W 38 - 10,17,100,5.9,50,1,3,16,5.3,7,0,,,James Robinson,James-Robinson-3,2022,RB,New York Giants,Away
2,9/18/2022,Colts,W 24 - 0,23,64,2.8,37,1,2,14,7,10,0,,,James Robinson,James-Robinson-3,2022,RB,New York Giants,Home
1,9/11/2022,@Commanders,L 22 - 28,11,66,6,22,1,1,3,3,3,1,,,James Robinson,James-Robinson-3,2022,RB,New York Giants,Away
